2026-07-14 21:14:39,040 INFO o.a.j.u.JMeterUtils: Setting Locale to en_US
2026-07-14 21:14:39,078 INFO o.a.j.JMeter: Loading user properties from: user.properties
2026-07-14 21:14:39,095 INFO o.a.j.JMeter: Loading system properties from: system.properties
2026-07-14 21:14:39,103 INFO o.a.j.JMeter: Copyright (c) 1998-2024 The Apache Software Foundation
2026-07-14 21:14:39,103 INFO o.a.j.JMeter: Version 5.6.3
2026-07-14 21:14:39,104 INFO o.a.j.JMeter: java.version=17.0.12
2026-07-14 21:14:39,104 INFO o.a.j.JMeter: java.vm.name=Java HotSpot(TM) 64-Bit Server VM
2026-07-14 21:14:39,104 INFO o.a.j.JMeter: os.name=Windows 11
2026-07-14 21:14:39,104 INFO o.a.j.JMeter: os.arch=amd64
2026-07-14 21:14:39,104 INFO o.a.j.JMeter: os.version=10.0
2026-07-14 21:14:39,104 INFO o.a.j.JMeter: file.encoding=Cp1252
2026-07-14 21:14:39,104 INFO o.a.j.JMeter: java.awt.headless=null
2026-07-14 21:14:39,104 INFO o.a.j.JMeter: Max memory     =6362759168
2026-07-14 21:14:39,104 INFO o.a.j.JMeter: Available Processors =8
2026-07-14 21:14:39,111 INFO o.a.j.JMeter: Default Locale=English (United States)
2026-07-14 21:14:39,111 INFO o.a.j.JMeter: JMeter  Locale=English (United States)
2026-07-14 21:14:39,111 INFO o.a.j.JMeter: JMeterHome=D:\workspace_new\springboot-multiple-module-v2\springboot-multiple-module-v2\benchmark\jmeter
2026-07-14 21:14:39,112 INFO o.a.j.JMeter: user.dir  =D:\workspace_new\springboot-multiple-module-v2\springboot-multiple-module-v2\benchmark\jmeter\bin
2026-07-14 21:14:39,112 INFO o.a.j.JMeter: PWD       =D:\workspace_new\springboot-multiple-module-v2\springboot-multiple-module-v2\benchmark\jmeter\bin
2026-07-14 21:14:39,122 INFO o.a.j.JMeter: IP: 192.168.1.91 Name: LAPTOP-R6B516M8 FullName: LAPTOP-R6B516M8.fpt
2026-07-14 21:14:39,140 INFO o.a.j.JMeter: Loaded icon properties from org/apache/jmeter/images/icon.properties
2026-07-14 21:14:39,341 INFO o.a.j.JMeterGuiLauncher: Setting LAF to: com.github.weisj.darklaf.DarkLaf:com.github.weisj.darklaf.theme.DarculaTheme
2026-07-14 21:17:53,938 INFO o.a.j.s.FileServer: Default base='D:\workspace_new\springboot-multiple-module-v2\springboot-multiple-module-v2\benchmark\jmeter\bin'
2026-07-14 21:17:53,939 INFO o.a.j.s.FileServer: Set new base='D:\workspace_new\springboot-multiple-module-v2\springboot-multiple-module-v2\benchmark\jmeter\bin'
2026-07-14 21:17:54,115 INFO o.a.j.s.SaveService: Testplan (JMX) version: 2.2. Testlog (JTL) version: 2.2
2026-07-14 21:17:54,152 INFO o.a.j.s.SaveService: Using SaveService properties version 5.0
2026-07-14 21:17:54,153 INFO o.a.j.s.SaveService: Using SaveService properties file encoding UTF-8
2026-07-14 21:18:10,421 INFO o.a.j.p.h.s.HTTPSamplerBase: Parser for text/html is org.apache.jmeter.protocol.http.parser.LagartoBasedHtmlParser
2026-07-14 21:18:10,421 INFO o.a.j.p.h.s.HTTPSamplerBase: Parser for application/xhtml+xml is org.apache.jmeter.protocol.http.parser.LagartoBasedHtmlParser
2026-07-14 21:18:10,421 INFO o.a.j.p.h.s.HTTPSamplerBase: Parser for application/xml is org.apache.jmeter.protocol.http.parser.LagartoBasedHtmlParser
2026-07-14 21:18:10,421 INFO o.a.j.p.h.s.HTTPSamplerBase: Parser for text/xml is org.apache.jmeter.protocol.http.parser.LagartoBasedHtmlParser
2026-07-14 21:18:10,421 INFO o.a.j.p.h.s.HTTPSamplerBase: Parser for text/vnd.wap.wml is org.apache.jmeter.protocol.http.parser.RegexpHTMLParser
2026-07-14 21:18:10,421 INFO o.a.j.p.h.s.HTTPSamplerBase: Parser for text/css is org.apache.jmeter.protocol.http.parser.CssParser
2026-07-14 21:23:16,421 INFO o.a.j.e.StandardJMeterEngine: Running the test!
2026-07-14 21:23:16,421 INFO o.a.j.s.SampleEvent: List of sample_variables: []
2026-07-14 21:23:16,421 INFO o.a.j.s.SampleEvent: List of sample_variables: []
2026-07-14 21:23:16,423 INFO o.a.j.e.u.CompoundVariable: Note: Function class names must contain the string: '.functions.'
2026-07-14 21:23:16,423 INFO o.a.j.e.u.CompoundVariable: Note: Function class names must not contain the string: '.gui.'
2026-07-14 21:23:16,468 INFO o.a.j.g.u.JMeterMenuBar: setRunning(true, *local*)
2026-07-14 21:23:16,509 INFO o.a.j.e.StandardJMeterEngine: Starting ThreadGroup: 1 : Test Member Java
2026-07-14 21:23:16,510 INFO o.a.j.e.StandardJMeterEngine: Starting 50 threads for group Test Member Java.
2026-07-14 21:23:16,510 INFO o.a.j.e.StandardJMeterEngine: Thread will continue on error
2026-07-14 21:23:16,510 INFO o.a.j.t.ThreadGroup: Starting thread group... number=1 threads=50 ramp-up=1 delayedStart=true
2026-07-14 21:23:16,510 INFO o.a.j.t.ThreadGroup: Started thread group number 1
2026-07-14 21:23:16,511 INFO o.a.j.e.StandardJMeterEngine: All thread groups have been started
2026-07-14 21:23:16,513 INFO o.a.j.t.JMeterThread: Thread started: Test Member Java 1-1
2026-07-14 21:23:16,524 INFO o.a.j.p.h.s.HTTPHCAbstractImpl: Local host = LAPTOP-R6B516M8
2026-07-14 21:23:16,531 INFO o.a.j.p.h.s.HTTPHC4Impl: HTTP request retry count = 0
2026-07-14 21:23:16,532 INFO o.a.j.s.SampleResult: Note: Sample TimeStamps are START times
2026-07-14 21:23:16,532 INFO o.a.j.s.SampleResult: sampleresult.default.encoding is set to UTF-8
2026-07-14 21:23:16,532 INFO o.a.j.s.SampleResult: sampleresult.useNanoTime=true
2026-07-14 21:23:16,532 INFO o.a.j.s.SampleResult: sampleresult.nanoThreadSleep=5000
2026-07-14 21:23:16,542 INFO o.a.j.t.JMeterThread: Thread started: Test Member Java 1-2
2026-07-14 21:23:16,574 INFO o.a.j.t.JMeterThread: Thread started: Test Member Java 1-3
2026-07-14 21:23:16,593 INFO o.a.j.t.JMeterThread: Thread started: Test Member Java 1-4
2026-07-14 21:23:16,620 INFO o.a.j.t.JMeterThread: Thread started: Test Member Java 1-5
2026-07-14 21:23:16,641 INFO o.a.j.t.JMeterThread: Thread started: Test Member Java 1-6
2026-07-14 21:23:16,669 INFO o.a.j.t.JMeterThread: Thread started: Test Member Java 1-7
2026-07-14 21:23:16,698 INFO o.a.j.t.JMeterThread: Thread started: Test Member Java 1-8
2026-07-14 21:23:16,719 INFO o.a.j.t.JMeterThread: Thread started: Test Member Java 1-9
2026-07-14 21:23:16,738 INFO o.a.j.t.JMeterThread: Thread started: Test Member Java 1-10
2026-07-14 21:23:16,759 INFO o.a.j.t.JMeterThread: Thread started: Test Member Java 1-11
2026-07-14 21:23:16,781 INFO o.a.j.t.JMeterThread: Thread started: Test Member Java 1-12
2026-07-14 21:23:16,801 INFO o.a.j.t.JMeterThread: Thread started: Test Member Java 1-13
2026-07-14 21:23:16,822 INFO o.a.j.t.JMeterThread: Thread started: Test Member Java 1-14
2026-07-14 21:23:16,841 INFO o.a.j.t.JMeterThread: Thread started: Test Member Java 1-15
2026-07-14 21:23:16,864 INFO o.a.j.t.JMeterThread: Thread started: Test Member Java 1-16
2026-07-14 21:23:16,887 INFO o.a.j.t.JMeterThread: Thread started: Test Member Java 1-17
2026-07-14 21:23:16,905 INFO o.a.j.t.JMeterThread: Thread started: Test Member Java 1-18
2026-07-14 21:23:16,927 INFO o.a.j.t.JMeterThread: Thread started: Test Member Java 1-19
2026-07-14 21:23:16,949 INFO o.a.j.t.JMeterThread: Thread started: Test Member Java 1-20
2026-07-14 21:23:16,971 INFO o.a.j.t.JMeterThread: Thread started: Test Member Java 1-21
2026-07-14 21:23:16,995 INFO o.a.j.t.JMeterThread: Thread started: Test Member Java 1-22
2026-07-14 21:23:17,017 INFO o.a.j.t.JMeterThread: Thread started: Test Member Java 1-23
2026-07-14 21:23:17,034 INFO o.a.j.t.JMeterThread: Thread started: Test Member Java 1-24
2026-07-14 21:23:17,061 INFO o.a.j.t.JMeterThread: Thread started: Test Member Java 1-25
2026-07-14 21:23:17,079 INFO o.a.j.t.JMeterThread: Thread started: Test Member Java 1-26
2026-07-14 21:23:17,095 INFO o.a.j.t.JMeterThread: Thread started: Test Member Java 1-27
2026-07-14 21:23:17,116 INFO o.a.j.t.JMeterThread: Thread started: Test Member Java 1-28
2026-07-14 21:23:17,135 INFO o.a.j.t.JMeterThread: Thread started: Test Member Java 1-29
2026-07-14 21:23:17,154 INFO o.a.j.t.JMeterThread: Thread started: Test Member Java 1-30
2026-07-14 21:23:17,175 INFO o.a.j.t.JMeterThread: Thread started: Test Member Java 1-31
2026-07-14 21:23:17,194 INFO o.a.j.t.JMeterThread: Thread started: Test Member Java 1-32
2026-07-14 21:23:17,242 INFO o.a.j.t.JMeterThread: Thread started: Test Member Java 1-33
2026-07-14 21:23:17,250 INFO o.a.j.t.JMeterThread: Thread started: Test Member Java 1-34
2026-07-14 21:23:17,264 INFO o.a.j.t.JMeterThread: Thread started: Test Member Java 1-35
2026-07-14 21:23:17,292 INFO o.a.j.t.JMeterThread: Thread started: Test Member Java 1-36
2026-07-14 21:23:17,309 INFO o.a.j.t.JMeterThread: Thread started: Test Member Java 1-37
2026-07-14 21:23:17,320 INFO o.a.j.t.JMeterThread: Thread started: Test Member Java 1-38
2026-07-14 21:23:17,338 INFO o.a.j.t.JMeterThread: Thread started: Test Member Java 1-39
2026-07-14 21:23:17,353 INFO o.a.j.t.JMeterThread: Thread started: Test Member Java 1-40
2026-07-14 21:23:17,375 INFO o.a.j.t.JMeterThread: Thread started: Test Member Java 1-41
2026-07-14 21:23:17,392 INFO o.a.j.t.JMeterThread: Thread started: Test Member Java 1-42
2026-07-14 21:23:17,408 INFO o.a.j.t.JMeterThread: Thread started: Test Member Java 1-43
2026-07-14 21:23:17,425 INFO o.a.j.t.JMeterThread: Thread started: Test Member Java 1-44
2026-07-14 21:23:17,443 INFO o.a.j.t.JMeterThread: Thread started: Test Member Java 1-45
2026-07-14 21:23:17,458 INFO o.a.j.t.JMeterThread: Thread started: Test Member Java 1-46
2026-07-14 21:23:17,474 INFO o.a.j.t.JMeterThread: Thread started: Test Member Java 1-47
2026-07-14 21:23:17,490 INFO o.a.j.t.JMeterThread: Thread started: Test Member Java 1-48
2026-07-14 21:23:17,503 INFO o.a.j.t.JMeterThread: Thread started: Test Member Java 1-49
2026-07-14 21:23:17,516 INFO o.a.j.t.JMeterThread: Thread started: Test Member Java 1-50
2026-07-14 21:26:51,817 INFO o.a.j.g.a.Start: Stopping test
2026-07-14 21:26:51,827 INFO o.a.j.t.JMeterThread: Stopping: Test Member Java 1-13
2026-07-14 21:26:51,827 WARN o.a.j.t.JMeterThread: Interrupting: Test Member Java 1-13 sampler: sayhi
2026-07-14 21:26:51,879 INFO o.a.j.t.JMeterThread: Stopping: Test Member Java 1-3
2026-07-14 21:26:51,879 INFO o.a.j.t.JMeterThread: Thread finished: Test Member Java 1-13
2026-07-14 21:26:51,879 WARN o.a.j.t.JMeterThread: Interrupting: Test Member Java 1-3 sampler: sayhi
2026-07-14 21:26:51,882 INFO o.a.j.t.JMeterThread: Stopping: Test Member Java 1-41
2026-07-14 21:26:51,882 INFO o.a.j.t.JMeterThread: Thread finished: Test Member Java 1-3
2026-07-14 21:26:51,882 WARN o.a.j.t.JMeterThread: Interrupting: Test Member Java 1-41 sampler: sayhi
2026-07-14 21:26:51,943 INFO o.a.j.t.JMeterThread: Stopping: Test Member Java 1-16
2026-07-14 21:26:51,943 WARN o.a.j.t.JMeterThread: Interrupting: Test Member Java 1-16 sampler: sayhi
2026-07-14 21:26:51,943 INFO o.a.j.t.JMeterThread: Thread finished: Test Member Java 1-41
2026-07-14 21:26:51,944 INFO o.a.j.t.JMeterThread: Stopping: Test Member Java 1-36
2026-07-14 21:26:51,945 WARN o.a.j.t.JMeterThread: Interrupting: Test Member Java 1-36 sampler: sayhi
2026-07-14 21:26:51,945 INFO o.a.j.t.JMeterThread: Stopping: Test Member Java 1-27
2026-07-14 21:26:51,945 WARN o.a.j.t.JMeterThread: Interrupting: Test Member Java 1-27 sampler: sayhi
2026-07-14 21:26:51,945 INFO o.a.j.t.JMeterThread: Stopping: Test Member Java 1-2
2026-07-14 21:26:51,945 WARN o.a.j.t.JMeterThread: Interrupting: Test Member Java 1-2 sampler: sayhi
2026-07-14 21:26:51,945 INFO o.a.j.t.JMeterThread: Thread finished: Test Member Java 1-27
2026-07-14 21:26:51,948 INFO o.a.j.t.JMeterThread: Thread finished: Test Member Java 1-16
2026-07-14 21:26:51,948 INFO o.a.j.t.JMeterThread: Thread finished: Test Member Java 1-2
2026-07-14 21:26:51,948 INFO o.a.j.t.JMeterThread: Stopping: Test Member Java 1-12
2026-07-14 21:26:51,948 WARN o.a.j.t.JMeterThread: Interrupting: Test Member Java 1-12 sampler: sayhi
2026-07-14 21:26:51,960 INFO o.a.j.t.JMeterThread: Thread finished: Test Member Java 1-36
2026-07-14 21:26:52,008 INFO o.a.j.t.JMeterThread: Stopping: Test Member Java 1-43
2026-07-14 21:26:52,008 WARN o.a.j.t.JMeterThread: Interrupting: Test Member Java 1-43 sampler: sayhi
2026-07-14 21:26:52,008 INFO o.a.j.t.JMeterThread: Thread finished: Test Member Java 1-12
2026-07-14 21:26:52,023 INFO o.a.j.t.JMeterThread: Thread finished: Test Member Java 1-43
2026-07-14 21:26:52,023 INFO o.a.j.t.JMeterThread: Stopping: Test Member Java 1-14
2026-07-14 21:26:52,023 WARN o.a.j.t.JMeterThread: Interrupting: Test Member Java 1-14 sampler: sayhi
2026-07-14 21:26:52,077 INFO o.a.j.t.JMeterThread: Stopping: Test Member Java 1-39
2026-07-14 21:26:52,077 INFO o.a.j.t.JMeterThread: Thread finished: Test Member Java 1-14
2026-07-14 21:26:52,077 WARN o.a.j.t.JMeterThread: Interrupting: Test Member Java 1-39 sampler: sayhi
2026-07-14 21:26:52,082 INFO o.a.j.t.JMeterThread: Thread finished: Test Member Java 1-39
2026-07-14 21:26:52,082 INFO o.a.j.t.JMeterThread: Stopping: Test Member Java 1-26
2026-07-14 21:26:52,082 WARN o.a.j.t.JMeterThread: Interrupting: Test Member Java 1-26 sampler: sayhi
2026-07-14 21:26:52,082 INFO o.a.j.t.JMeterThread: Stopping: Test Member Java 1-18
2026-07-14 21:26:52,082 WARN o.a.j.t.JMeterThread: Interrupting: Test Member Java 1-18 sampler: sayhi
2026-07-14 21:26:52,083 INFO o.a.j.t.JMeterThread: Thread finished: Test Member Java 1-26
2026-07-14 21:26:52,123 INFO o.a.j.t.JMeterThread: Stopping: Test Member Java 1-17
2026-07-14 21:26:52,124 WARN o.a.j.t.JMeterThread: Interrupting: Test Member Java 1-17 sampler: sayhi
2026-07-14 21:26:52,124 INFO o.a.j.t.JMeterThread: Thread finished: Test Member Java 1-18
2026-07-14 21:26:52,125 INFO o.a.j.t.JMeterThread: Stopping: Test Member Java 1-9
2026-07-14 21:26:52,125 WARN o.a.j.t.JMeterThread: Interrupting: Test Member Java 1-9 sampler: sayhi
2026-07-14 21:26:52,132 INFO o.a.j.t.JMeterThread: Thread finished: Test Member Java 1-17
2026-07-14 21:26:52,143 INFO o.a.j.t.JMeterThread: Stopping: Test Member Java 1-23
2026-07-14 21:26:52,143 INFO o.a.j.t.JMeterThread: Thread finished: Test Member Java 1-9
2026-07-14 21:26:52,143 WARN o.a.j.t.JMeterThread: Interrupting: Test Member Java 1-23 sampler: sayhi
2026-07-14 21:26:52,145 INFO o.a.j.t.JMeterThread: Stopping: Test Member Java 1-31
2026-07-14 21:26:52,145 WARN o.a.j.t.JMeterThread: Interrupting: Test Member Java 1-31 sampler: sayhi
2026-07-14 21:26:52,145 INFO o.a.j.t.JMeterThread: Stopping: Test Member Java 1-37
2026-07-14 21:26:52,145 WARN o.a.j.t.JMeterThread: Interrupting: Test Member Java 1-37 sampler: sayhi
2026-07-14 21:26:52,145 INFO o.a.j.t.JMeterThread: Stopping: Test Member Java 1-34
2026-07-14 21:26:52,145 WARN o.a.j.t.JMeterThread: Interrupting: Test Member Java 1-34 sampler: sayhi
2026-07-14 21:26:52,145 INFO o.a.j.t.JMeterThread: Stopping: Test Member Java 1-11
2026-07-14 21:26:52,145 WARN o.a.j.t.JMeterThread: Interrupting: Test Member Java 1-11 sampler: sayhi
2026-07-14 21:26:52,145 INFO o.a.j.t.JMeterThread: Stopping: Test Member Java 1-19
2026-07-14 21:26:52,145 WARN o.a.j.t.JMeterThread: Interrupting: Test Member Java 1-19 sampler: sayhi
2026-07-14 21:26:52,149 INFO o.a.j.t.JMeterThread: Thread finished: Test Member Java 1-34
2026-07-14 21:26:52,149 INFO o.a.j.t.JMeterThread: Thread finished: Test Member Java 1-23
2026-07-14 21:26:52,149 INFO o.a.j.t.JMeterThread: Thread finished: Test Member Java 1-37
2026-07-14 21:26:52,149 INFO o.a.j.t.JMeterThread: Thread finished: Test Member Java 1-11
2026-07-14 21:26:52,149 INFO o.a.j.t.JMeterThread: Thread finished: Test Member Java 1-31
2026-07-14 21:26:52,159 INFO o.a.j.t.JMeterThread: Stopping: Test Member Java 1-24
2026-07-14 21:26:52,159 WARN o.a.j.t.JMeterThread: Interrupting: Test Member Java 1-24 sampler: sayhi
2026-07-14 21:26:52,159 INFO o.a.j.t.JMeterThread: Thread finished: Test Member Java 1-19
2026-07-14 21:26:52,160 INFO o.a.j.t.JMeterThread: Stopping: Test Member Java 1-28
2026-07-14 21:26:52,161 WARN o.a.j.t.JMeterThread: Interrupting: Test Member Java 1-28 sampler: sayhi
2026-07-14 21:26:52,161 INFO o.a.j.t.JMeterThread: Stopping: Test Member Java 1-21
2026-07-14 21:26:52,161 WARN o.a.j.t.JMeterThread: Interrupting: Test Member Java 1-21 sampler: sayhi
2026-07-14 21:26:52,161 INFO o.a.j.t.JMeterThread: Stopping: Test Member Java 1-44
2026-07-14 21:26:52,161 WARN o.a.j.t.JMeterThread: Interrupting: Test Member Java 1-44 sampler: sayhi
2026-07-14 21:26:52,161 INFO o.a.j.t.JMeterThread: Stopping: Test Member Java 1-40
2026-07-14 21:26:52,161 WARN o.a.j.t.JMeterThread: Interrupting: Test Member Java 1-40 sampler: sayhi
2026-07-14 21:26:52,161 INFO o.a.j.t.JMeterThread: Stopping: Test Member Java 1-30
2026-07-14 21:26:52,161 WARN o.a.j.t.JMeterThread: Interrupting: Test Member Java 1-30 sampler: sayhi
2026-07-14 21:26:52,161 INFO o.a.j.t.JMeterThread: Stopping: Test Member Java 1-7
2026-07-14 21:26:52,161 WARN o.a.j.t.JMeterThread: Interrupting: Test Member Java 1-7 sampler: sayhi
2026-07-14 21:26:52,164 INFO o.a.j.t.JMeterThread: Thread finished: Test Member Java 1-24
2026-07-14 21:26:52,165 INFO o.a.j.t.JMeterThread: Thread finished: Test Member Java 1-44
2026-07-14 21:26:52,169 INFO o.a.j.t.JMeterThread: Thread finished: Test Member Java 1-40
2026-07-14 21:26:52,169 INFO o.a.j.t.JMeterThread: Thread finished: Test Member Java 1-28
2026-07-14 21:26:52,169 INFO o.a.j.t.JMeterThread: Thread finished: Test Member Java 1-21
2026-07-14 21:26:52,170 INFO o.a.j.t.JMeterThread: Thread finished: Test Member Java 1-30
2026-07-14 21:26:52,178 INFO o.a.j.t.JMeterThread: Stopping: Test Member Java 1-25
2026-07-14 21:26:52,178 INFO o.a.j.t.JMeterThread: Thread finished: Test Member Java 1-7
2026-07-14 21:26:52,178 WARN o.a.j.t.JMeterThread: Interrupting: Test Member Java 1-25 sampler: sayhi
2026-07-14 21:26:52,180 INFO o.a.j.t.JMeterThread: Stopping: Test Member Java 1-20
2026-07-14 21:26:52,180 WARN o.a.j.t.JMeterThread: Interrupting: Test Member Java 1-20 sampler: sayhi
2026-07-14 21:26:52,180 INFO o.a.j.t.JMeterThread: Stopping: Test Member Java 1-35
2026-07-14 21:26:52,180 WARN o.a.j.t.JMeterThread: Interrupting: Test Member Java 1-35 sampler: sayhi
2026-07-14 21:26:52,189 INFO o.a.j.t.JMeterThread: Thread finished: Test Member Java 1-20
2026-07-14 21:26:52,189 INFO o.a.j.t.JMeterThread: Thread finished: Test Member Java 1-25
2026-07-14 21:26:52,196 INFO o.a.j.t.JMeterThread: Stopping: Test Member Java 1-45
2026-07-14 21:26:52,196 INFO o.a.j.t.JMeterThread: Thread finished: Test Member Java 1-35
2026-07-14 21:26:52,196 WARN o.a.j.t.JMeterThread: Interrupting: Test Member Java 1-45 sampler: sayhi
2026-07-14 21:26:52,198 INFO o.a.j.t.JMeterThread: Stopping: Test Member Java 1-22
2026-07-14 21:26:52,198 INFO o.a.j.t.JMeterThread: Stopping: Test Member Java 1-46
2026-07-14 21:26:52,198 WARN o.a.j.t.JMeterThread: Interrupting: Test Member Java 1-46 sampler: sayhi
2026-07-14 21:26:52,201 INFO o.a.j.t.JMeterThread: Thread finished: Test Member Java 1-22
2026-07-14 21:26:52,201 INFO o.a.j.t.JMeterThread: Thread finished: Test Member Java 1-45
2026-07-14 21:26:52,207 INFO o.a.j.t.JMeterThread: Stopping: Test Member Java 1-42
2026-07-14 21:26:52,207 INFO o.a.j.t.JMeterThread: Thread finished: Test Member Java 1-46
2026-07-14 21:26:52,207 WARN o.a.j.t.JMeterThread: Interrupting: Test Member Java 1-42 sampler: sayhi
2026-07-14 21:26:52,209 INFO o.a.j.t.JMeterThread: Stopping: Test Member Java 1-48
2026-07-14 21:26:52,209 WARN o.a.j.t.JMeterThread: Interrupting: Test Member Java 1-48 sampler: sayhi
2026-07-14 21:26:52,209 INFO o.a.j.t.JMeterThread: Stopping: Test Member Java 1-15
2026-07-14 21:26:52,209 WARN o.a.j.t.JMeterThread: Interrupting: Test Member Java 1-15 sampler: sayhi
2026-07-14 21:26:52,209 INFO o.a.j.t.JMeterThread: Stopping: Test Member Java 1-29
2026-07-14 21:26:52,209 WARN o.a.j.t.JMeterThread: Interrupting: Test Member Java 1-29 sampler: sayhi
2026-07-14 21:26:52,209 INFO o.a.j.t.JMeterThread: Stopping: Test Member Java 1-38
2026-07-14 21:26:52,209 WARN o.a.j.t.JMeterThread: Interrupting: Test Member Java 1-38 sampler: sayhi
2026-07-14 21:26:52,209 INFO o.a.j.t.JMeterThread: Stopping: Test Member Java 1-6
2026-07-14 21:26:52,209 WARN o.a.j.t.JMeterThread: Interrupting: Test Member Java 1-6 sampler: sayhi
2026-07-14 21:26:52,209 INFO o.a.j.t.JMeterThread: Stopping: Test Member Java 1-8
2026-07-14 21:26:52,209 WARN o.a.j.t.JMeterThread: Interrupting: Test Member Java 1-8 sampler: sayhi
2026-07-14 21:26:52,212 INFO o.a.j.t.JMeterThread: Thread finished: Test Member Java 1-38
2026-07-14 21:26:52,212 INFO o.a.j.t.JMeterThread: Thread finished: Test Member Java 1-42
2026-07-14 21:26:52,212 INFO o.a.j.t.JMeterThread: Thread finished: Test Member Java 1-6
2026-07-14 21:26:52,212 INFO o.a.j.t.JMeterThread: Thread finished: Test Member Java 1-48
2026-07-14 21:26:52,212 INFO o.a.j.t.JMeterThread: Thread finished: Test Member Java 1-15
2026-07-14 21:26:52,212 INFO o.a.j.t.JMeterThread: Thread finished: Test Member Java 1-29
2026-07-14 21:26:52,218 INFO o.a.j.t.JMeterThread: Stopping: Test Member Java 1-50
2026-07-14 21:26:52,218 INFO o.a.j.t.JMeterThread: Thread finished: Test Member Java 1-8
2026-07-14 21:26:52,218 WARN o.a.j.t.JMeterThread: Interrupting: Test Member Java 1-50 sampler: sayhi
2026-07-14 21:26:52,220 INFO o.a.j.t.JMeterThread: Stopping: Test Member Java 1-33
2026-07-14 21:26:52,220 INFO o.a.j.t.JMeterThread: Stopping: Test Member Java 1-49
2026-07-14 21:26:52,220 WARN o.a.j.t.JMeterThread: Interrupting: Test Member Java 1-49 sampler: sayhi
2026-07-14 21:26:52,220 INFO o.a.j.t.JMeterThread: Stopping: Test Member Java 1-4
2026-07-14 21:26:52,220 WARN o.a.j.t.JMeterThread: Interrupting: Test Member Java 1-4 sampler: sayhi
2026-07-14 21:26:52,220 INFO o.a.j.t.JMeterThread: Thread finished: Test Member Java 1-50
2026-07-14 21:26:52,220 INFO o.a.j.t.JMeterThread: Thread finished: Test Member Java 1-33
2026-07-14 21:26:52,222 INFO o.a.j.t.JMeterThread: Thread finished: Test Member Java 1-49
2026-07-14 21:26:52,224 INFO o.a.j.t.JMeterThread: Stopping: Test Member Java 1-10
2026-07-14 21:26:52,224 INFO o.a.j.t.JMeterThread: Thread finished: Test Member Java 1-4
2026-07-14 21:26:52,224 INFO o.a.j.t.JMeterThread: Thread finished: Test Member Java 1-10
2026-07-14 21:26:52,224 INFO o.a.j.t.JMeterThread: Stopping: Test Member Java 1-5
2026-07-14 21:26:52,224 WARN o.a.j.t.JMeterThread: Interrupting: Test Member Java 1-5 sampler: sayhi
2026-07-14 21:26:52,226 INFO o.a.j.t.JMeterThread: Stopping: Test Member Java 1-47
2026-07-14 21:26:52,226 INFO o.a.j.t.JMeterThread: Stopping: Test Member Java 1-32
2026-07-14 21:26:52,226 INFO o.a.j.t.JMeterThread: Thread finished: Test Member Java 1-47
2026-07-14 21:26:52,226 INFO o.a.j.t.JMeterThread: Thread finished: Test Member Java 1-5
2026-07-14 21:26:52,227 WARN o.a.j.t.JMeterThread: Interrupting: Test Member Java 1-32 sampler: sayhi
2026-07-14 21:26:52,227 INFO o.a.j.t.JMeterThread: Stopping: Test Member Java 1-1
2026-07-14 21:26:52,227 WARN o.a.j.t.JMeterThread: Interrupting: Test Member Java 1-1 sampler: sayhi
2026-07-14 21:26:52,228 INFO o.a.j.t.JMeterThread: Thread finished: Test Member Java 1-1
2026-07-14 21:26:52,228 INFO o.a.j.t.JMeterThread: Thread finished: Test Member Java 1-32
2026-07-14 21:26:52,229 INFO o.a.j.e.StandardJMeterEngine: Notifying test listeners of end of test
2026-07-14 21:26:52,229 INFO o.a.j.g.u.JMeterMenuBar: setRunning(false, *local*)
2026-07-14 21:27:09,520 INFO o.a.j.e.StandardJMeterEngine: Running the test!
2026-07-14 21:27:09,520 INFO o.a.j.s.SampleEvent: List of sample_variables: []
2026-07-14 21:27:09,521 INFO o.a.j.g.u.JMeterMenuBar: setRunning(true, *local*)
2026-07-14 21:27:09,550 INFO o.a.j.e.StandardJMeterEngine: Starting ThreadGroup: 1 : Test Member Java
2026-07-14 21:27:09,550 INFO o.a.j.e.StandardJMeterEngine: Starting 50 threads for group Test Member Java.
2026-07-14 21:27:09,550 INFO o.a.j.e.StandardJMeterEngine: Thread will continue on error
2026-07-14 21:27:09,550 INFO o.a.j.t.ThreadGroup: Starting thread group... number=1 threads=50 ramp-up=1 delayedStart=true
2026-07-14 21:27:09,550 INFO o.a.j.t.ThreadGroup: Started thread group number 1
2026-07-14 21:27:09,551 INFO o.a.j.e.StandardJMeterEngine: All thread groups have been started
2026-07-14 21:27:09,552 INFO o.a.j.t.JMeterThread: Thread started: Test Member Java 1-1
2026-07-14 21:27:09,575 INFO o.a.j.t.JMeterThread: Thread started: Test Member Java 1-2
2026-07-14 21:27:09,607 INFO o.a.j.t.JMeterThread: Thread started: Test Member Java 1-3
2026-07-14 21:27:09,639 INFO o.a.j.t.JMeterThread: Thread started: Test Member Java 1-4
2026-07-14 21:27:09,673 INFO o.a.j.t.JMeterThread: Thread started: Test Member Java 1-5
2026-07-14 21:27:09,702 INFO o.a.j.t.JMeterThread: Thread started: Test Member Java 1-6
2026-07-14 21:27:09,722 INFO o.a.j.t.JMeterThread: Thread started: Test Member Java 1-7
2026-07-14 21:27:09,743 INFO o.a.j.t.JMeterThread: Thread started: Test Member Java 1-8
2026-07-14 21:27:09,763 INFO o.a.j.t.JMeterThread: Thread started: Test Member Java 1-9
2026-07-14 21:27:09,784 INFO o.a.j.t.JMeterThread: Thread started: Test Member Java 1-10
2026-07-14 21:27:09,804 INFO o.a.j.t.JMeterThread: Thread started: Test Member Java 1-11
2026-07-14 21:27:09,823 INFO o.a.j.t.JMeterThread: Thread started: Test Member Java 1-12
2026-07-14 21:27:09,847 INFO o.a.j.t.JMeterThread: Thread started: Test Member Java 1-13
2026-07-14 21:27:09,866 INFO o.a.j.t.JMeterThread: Thread started: Test Member Java 1-14
2026-07-14 21:27:09,886 INFO o.a.j.t.JMeterThread: Thread started: Test Member Java 1-15
2026-07-14 21:27:09,906 INFO o.a.j.t.JMeterThread: Thread started: Test Member Java 1-16
2026-07-14 21:27:09,926 INFO o.a.j.t.JMeterThread: Thread started: Test Member Java 1-17
2026-07-14 21:27:09,946 INFO o.a.j.t.JMeterThread: Thread started: Test Member Java 1-18
2026-07-14 21:27:09,966 INFO o.a.j.t.JMeterThread: Thread started: Test Member Java 1-19
2026-07-14 21:27:09,987 INFO o.a.j.t.JMeterThread: Thread started: Test Member Java 1-20
2026-07-14 21:27:10,006 INFO o.a.j.t.JMeterThread: Thread started: Test Member Java 1-21
2026-07-14 21:27:10,027 INFO o.a.j.t.JMeterThread: Thread started: Test Member Java 1-22
2026-07-14 21:27:10,047 INFO o.a.j.t.JMeterThread: Thread started: Test Member Java 1-23
2026-07-14 21:27:10,067 INFO o.a.j.t.JMeterThread: Thread started: Test Member Java 1-24
2026-07-14 21:27:10,087 INFO o.a.j.t.JMeterThread: Thread started: Test Member Java 1-25
2026-07-14 21:27:10,107 INFO o.a.j.t.JMeterThread: Thread started: Test Member Java 1-26
2026-07-14 21:27:10,127 INFO o.a.j.t.JMeterThread: Thread started: Test Member Java 1-27
2026-07-14 21:27:10,146 INFO o.a.j.t.JMeterThread: Thread started: Test Member Java 1-28
2026-07-14 21:27:10,166 INFO o.a.j.t.JMeterThread: Thread started: Test Member Java 1-29
2026-07-14 21:27:10,185 INFO o.a.j.t.JMeterThread: Thread started: Test Member Java 1-30
2026-07-14 21:27:10,204 INFO o.a.j.t.JMeterThread: Thread started: Test Member Java 1-31
2026-07-14 21:27:10,223 INFO o.a.j.t.JMeterThread: Thread started: Test Member Java 1-32
2026-07-14 21:27:10,243 INFO o.a.j.t.JMeterThread: Thread started: Test Member Java 1-33
2026-07-14 21:27:10,262 INFO o.a.j.t.JMeterThread: Thread started: Test Member Java 1-34
2026-07-14 21:27:10,282 INFO o.a.j.t.JMeterThread: Thread started: Test Member Java 1-35
2026-07-14 21:27:10,301 INFO o.a.j.t.JMeterThread: Thread started: Test Member Java 1-36
2026-07-14 21:27:10,320 INFO o.a.j.t.JMeterThread: Thread started: Test Member Java 1-37
2026-07-14 21:27:10,341 INFO o.a.j.t.JMeterThread: Thread started: Test Member Java 1-38
2026-07-14 21:27:10,359 INFO o.a.j.t.JMeterThread: Thread started: Test Member Java 1-39
2026-07-14 21:27:10,377 INFO o.a.j.t.JMeterThread: Thread started: Test Member Java 1-40
2026-07-14 21:27:10,396 INFO o.a.j.t.JMeterThread: Thread started: Test Member Java 1-41
2026-07-14 21:27:10,414 INFO o.a.j.t.JMeterThread: Thread started: Test Member Java 1-42
2026-07-14 21:27:10,432 INFO o.a.j.t.JMeterThread: Thread started: Test Member Java 1-43
2026-07-14 21:27:10,450 INFO o.a.j.t.JMeterThread: Thread started: Test Member Java 1-44
2026-07-14 21:27:10,468 INFO o.a.j.t.JMeterThread: Thread started: Test Member Java 1-45
2026-07-14 21:27:10,486 INFO o.a.j.t.JMeterThread: Thread started: Test Member Java 1-46
2026-07-14 21:27:10,502 INFO o.a.j.t.JMeterThread: Thread started: Test Member Java 1-47
2026-07-14 21:27:10,519 INFO o.a.j.t.JMeterThread: Thread started: Test Member Java 1-48
2026-07-14 21:27:10,536 INFO o.a.j.t.JMeterThread: Thread started: Test Member Java 1-49
2026-07-14 21:27:10,553 INFO o.a.j.t.JMeterThread: Thread started: Test Member Java 1-50
2026-07-14 21:31:13,025 INFO o.a.j.g.a.Start: Stopping test
2026-07-14 21:31:13,032 INFO o.a.j.t.JMeterThread: Stopping: Test Member Java 1-32
2026-07-14 21:31:13,032 WARN o.a.j.t.JMeterThread: Interrupting: Test Member Java 1-32 sampler: sayhi
2026-07-14 21:31:13,050 INFO o.a.j.t.JMeterThread: Thread finished: Test Member Java 1-32
2026-07-14 21:31:13,050 INFO o.a.j.t.JMeterThread: Stopping: Test Member Java 1-22
2026-07-14 21:31:13,050 WARN o.a.j.t.JMeterThread: Interrupting: Test Member Java 1-22 sampler: sayhi
2026-07-14 21:31:13,052 INFO o.a.j.t.JMeterThread: Stopping: Test Member Java 1-25
2026-07-14 21:31:13,052 INFO o.a.j.t.JMeterThread: Thread finished: Test Member Java 1-22
2026-07-14 21:31:13,052 WARN o.a.j.t.JMeterThread: Interrupting: Test Member Java 1-25 sampler: sayhi
2026-07-14 21:31:13,085 INFO o.a.j.t.JMeterThread: Stopping: Test Member Java 1-49
2026-07-14 21:31:13,085 INFO o.a.j.t.JMeterThread: Thread finished: Test Member Java 1-25
2026-07-14 21:31:13,085 WARN o.a.j.t.JMeterThread: Interrupting: Test Member Java 1-49 sampler: sayhi
2026-07-14 21:31:13,086 INFO o.a.j.t.JMeterThread: Stopping: Test Member Java 1-38
2026-07-14 21:31:13,087 WARN o.a.j.t.JMeterThread: Interrupting: Test Member Java 1-38 sampler: sayhi
2026-07-14 21:31:13,087 INFO o.a.j.t.JMeterThread: Stopping: Test Member Java 1-3
2026-07-14 21:31:13,087 WARN o.a.j.t.JMeterThread: Interrupting: Test Member Java 1-3 sampler: sayhi
2026-07-14 21:31:13,087 INFO o.a.j.t.JMeterThread: Stopping: Test Member Java 1-29
2026-07-14 21:31:13,087 WARN o.a.j.t.JMeterThread: Interrupting: Test Member Java 1-29 sampler: sayhi
2026-07-14 21:31:13,087 INFO o.a.j.t.JMeterThread: Stopping: Test Member Java 1-19
2026-07-14 21:31:13,088 WARN o.a.j.t.JMeterThread: Interrupting: Test Member Java 1-19 sampler: sayhi
2026-07-14 21:31:13,088 INFO o.a.j.t.JMeterThread: Stopping: Test Member Java 1-7
2026-07-14 21:31:13,088 WARN o.a.j.t.JMeterThread: Interrupting: Test Member Java 1-7 sampler: sayhi
2026-07-14 21:31:13,088 INFO o.a.j.t.JMeterThread: Stopping: Test Member Java 1-36
2026-07-14 21:31:13,088 WARN o.a.j.t.JMeterThread: Interrupting: Test Member Java 1-36 sampler: sayhi
2026-07-14 21:31:13,088 INFO o.a.j.t.JMeterThread: Thread finished: Test Member Java 1-7
2026-07-14 21:31:13,088 INFO o.a.j.t.JMeterThread: Thread finished: Test Member Java 1-3
2026-07-14 21:31:13,088 INFO o.a.j.t.JMeterThread: Thread finished: Test Member Java 1-49
2026-07-14 21:31:13,089 INFO o.a.j.t.JMeterThread: Thread finished: Test Member Java 1-38
2026-07-14 21:31:13,096 INFO o.a.j.t.JMeterThread: Thread finished: Test Member Java 1-19
2026-07-14 21:31:13,096 INFO o.a.j.t.JMeterThread: Thread finished: Test Member Java 1-29
2026-07-14 21:31:13,121 INFO o.a.j.t.JMeterThread: Stopping: Test Member Java 1-9
2026-07-14 21:31:13,121 INFO o.a.j.t.JMeterThread: Thread finished: Test Member Java 1-36
2026-07-14 21:31:13,121 WARN o.a.j.t.JMeterThread: Interrupting: Test Member Java 1-9 sampler: sayhi
2026-07-14 21:31:13,125 INFO o.a.j.t.JMeterThread: Stopping: Test Member Java 1-17
2026-07-14 21:31:13,125 WARN o.a.j.t.JMeterThread: Interrupting: Test Member Java 1-17 sampler: sayhi
2026-07-14 21:31:13,125 INFO o.a.j.t.JMeterThread: Stopping: Test Member Java 1-18
2026-07-14 21:31:13,125 WARN o.a.j.t.JMeterThread: Interrupting: Test Member Java 1-18 sampler: sayhi
2026-07-14 21:31:13,126 INFO o.a.j.t.JMeterThread: Stopping: Test Member Java 1-48
2026-07-14 21:31:13,126 WARN o.a.j.t.JMeterThread: Interrupting: Test Member Java 1-48 sampler: sayhi
2026-07-14 21:31:13,126 INFO o.a.j.t.JMeterThread: Stopping: Test Member Java 1-23
2026-07-14 21:31:13,126 WARN o.a.j.t.JMeterThread: Interrupting: Test Member Java 1-23 sampler: sayhi
2026-07-14 21:31:13,126 INFO o.a.j.t.JMeterThread: Stopping: Test Member Java 1-43
2026-07-14 21:31:13,126 WARN o.a.j.t.JMeterThread: Interrupting: Test Member Java 1-43 sampler: sayhi
2026-07-14 21:31:13,126 WARN o.a.j.t.JMeterThread: No operation pending
2026-07-14 21:31:13,126 INFO o.a.j.t.JMeterThread: Stopping: Test Member Java 1-42
2026-07-14 21:31:13,126 INFO o.a.j.t.JMeterThread: Thread finished: Test Member Java 1-43
2026-07-14 21:31:13,126 INFO o.a.j.t.JMeterThread: Thread finished: Test Member Java 1-17
2026-07-14 21:31:13,126 WARN o.a.j.t.JMeterThread: Interrupting: Test Member Java 1-42 sampler: sayhi
2026-07-14 21:31:13,126 INFO o.a.j.t.JMeterThread: Thread finished: Test Member Java 1-48
2026-07-14 21:31:13,126 INFO o.a.j.t.JMeterThread: Thread finished: Test Member Java 1-9
2026-07-14 21:31:13,126 INFO o.a.j.t.JMeterThread: Thread finished: Test Member Java 1-18
2026-07-14 21:31:13,127 INFO o.a.j.t.JMeterThread: Thread finished: Test Member Java 1-23
2026-07-14 21:31:13,145 INFO o.a.j.t.JMeterThread: Stopping: Test Member Java 1-5
2026-07-14 21:31:13,146 INFO o.a.j.t.JMeterThread: Thread finished: Test Member Java 1-42
2026-07-14 21:31:13,146 WARN o.a.j.t.JMeterThread: Interrupting: Test Member Java 1-5 sampler: sayhi
2026-07-14 21:31:13,147 INFO o.a.j.t.JMeterThread: Stopping: Test Member Java 1-35
2026-07-14 21:31:13,147 WARN o.a.j.t.JMeterThread: Interrupting: Test Member Java 1-35 sampler: sayhi
2026-07-14 21:31:13,147 INFO o.a.j.t.JMeterThread: Stopping: Test Member Java 1-6
2026-07-14 21:31:13,147 WARN o.a.j.t.JMeterThread: Interrupting: Test Member Java 1-6 sampler: sayhi
2026-07-14 21:31:13,147 INFO o.a.j.t.JMeterThread: Stopping: Test Member Java 1-14
2026-07-14 21:31:13,147 WARN o.a.j.t.JMeterThread: Interrupting: Test Member Java 1-14 sampler: sayhi
2026-07-14 21:31:13,147 INFO o.a.j.t.JMeterThread: Stopping: Test Member Java 1-11
2026-07-14 21:31:13,147 WARN o.a.j.t.JMeterThread: Interrupting: Test Member Java 1-11 sampler: sayhi
2026-07-14 21:31:13,147 INFO o.a.j.t.JMeterThread: Stopping: Test Member Java 1-33
2026-07-14 21:31:13,147 INFO o.a.j.t.JMeterThread: Thread finished: Test Member Java 1-5
2026-07-14 21:31:13,147 WARN o.a.j.t.JMeterThread: Interrupting: Test Member Java 1-33 sampler: sayhi
2026-07-14 21:31:13,148 INFO o.a.j.t.JMeterThread: Stopping: Test Member Java 1-13
2026-07-14 21:31:13,148 WARN o.a.j.t.JMeterThread: Interrupting: Test Member Java 1-13 sampler: sayhi
2026-07-14 21:31:13,148 INFO o.a.j.t.JMeterThread: Stopping: Test Member Java 1-12
2026-07-14 21:31:13,148 WARN o.a.j.t.JMeterThread: Interrupting: Test Member Java 1-12 sampler: sayhi
2026-07-14 21:31:13,148 INFO o.a.j.t.JMeterThread: Stopping: Test Member Java 1-44
2026-07-14 21:31:13,148 WARN o.a.j.t.JMeterThread: Interrupting: Test Member Java 1-44 sampler: sayhi
2026-07-14 21:31:13,148 INFO o.a.j.t.JMeterThread: Stopping: Test Member Java 1-34
2026-07-14 21:31:13,148 WARN o.a.j.t.JMeterThread: Interrupting: Test Member Java 1-34 sampler: sayhi
2026-07-14 21:31:13,148 INFO o.a.j.t.JMeterThread: Stopping: Test Member Java 1-24
2026-07-14 21:31:13,148 WARN o.a.j.t.JMeterThread: Interrupting: Test Member Java 1-24 sampler: sayhi
2026-07-14 21:31:13,148 INFO o.a.j.t.JMeterThread: Thread finished: Test Member Java 1-13
2026-07-14 21:31:13,152 INFO o.a.j.t.JMeterThread: Thread finished: Test Member Java 1-35
2026-07-14 21:31:13,152 INFO o.a.j.t.JMeterThread: Thread finished: Test Member Java 1-11
2026-07-14 21:31:13,152 INFO o.a.j.t.JMeterThread: Thread finished: Test Member Java 1-44
2026-07-14 21:31:13,152 INFO o.a.j.t.JMeterThread: Thread finished: Test Member Java 1-33
2026-07-14 21:31:13,152 INFO o.a.j.t.JMeterThread: Thread finished: Test Member Java 1-12
2026-07-14 21:31:13,152 INFO o.a.j.t.JMeterThread: Thread finished: Test Member Java 1-34
2026-07-14 21:31:13,152 INFO o.a.j.t.JMeterThread: Thread finished: Test Member Java 1-6
2026-07-14 21:31:13,155 INFO o.a.j.t.JMeterThread: Thread finished: Test Member Java 1-14
2026-07-14 21:31:13,157 INFO o.a.j.t.JMeterThread: Stopping: Test Member Java 1-41
2026-07-14 21:31:13,157 INFO o.a.j.t.JMeterThread: Thread finished: Test Member Java 1-24
2026-07-14 21:31:13,157 WARN o.a.j.t.JMeterThread: Interrupting: Test Member Java 1-41 sampler: sayhi
2026-07-14 21:31:13,159 INFO o.a.j.t.JMeterThread: Stopping: Test Member Java 1-4
2026-07-14 21:31:13,159 INFO o.a.j.t.JMeterThread: Thread finished: Test Member Java 1-41
2026-07-14 21:31:13,160 WARN o.a.j.t.JMeterThread: Interrupting: Test Member Java 1-4 sampler: sayhi
2026-07-14 21:31:13,186 INFO o.a.j.t.JMeterThread: Stopping: Test Member Java 1-47
2026-07-14 21:31:13,186 WARN o.a.j.t.JMeterThread: Interrupting: Test Member Java 1-47 sampler: sayhi
2026-07-14 21:31:13,186 INFO o.a.j.t.JMeterThread: Thread finished: Test Member Java 1-4
2026-07-14 21:31:13,188 INFO o.a.j.t.JMeterThread: Stopping: Test Member Java 1-28
2026-07-14 21:31:13,188 WARN o.a.j.t.JMeterThread: Interrupting: Test Member Java 1-28 sampler: sayhi
2026-07-14 21:31:13,188 INFO o.a.j.t.JMeterThread: Stopping: Test Member Java 1-30
2026-07-14 21:31:13,188 WARN o.a.j.t.JMeterThread: Interrupting: Test Member Java 1-30 sampler: sayhi
2026-07-14 21:31:13,188 INFO o.a.j.t.JMeterThread: Stopping: Test Member Java 1-16
2026-07-14 21:31:13,188 WARN o.a.j.t.JMeterThread: Interrupting: Test Member Java 1-16 sampler: sayhi
2026-07-14 21:31:13,191 INFO o.a.j.t.JMeterThread: Thread finished: Test Member Java 1-30
2026-07-14 21:31:13,192 INFO o.a.j.t.JMeterThread: Thread finished: Test Member Java 1-28
2026-07-14 21:31:13,192 INFO o.a.j.t.JMeterThread: Thread finished: Test Member Java 1-47
2026-07-14 21:31:13,198 INFO o.a.j.t.JMeterThread: Stopping: Test Member Java 1-27
2026-07-14 21:31:13,199 INFO o.a.j.t.JMeterThread: Thread finished: Test Member Java 1-16
2026-07-14 21:31:13,199 WARN o.a.j.t.JMeterThread: Interrupting: Test Member Java 1-27 sampler: sayhi
2026-07-14 21:31:13,201 INFO o.a.j.t.JMeterThread: Stopping: Test Member Java 1-26
2026-07-14 21:31:13,201 WARN o.a.j.t.JMeterThread: Interrupting: Test Member Java 1-26 sampler: sayhi
2026-07-14 21:31:13,201 INFO o.a.j.t.JMeterThread: Stopping: Test Member Java 1-21
2026-07-14 21:31:13,201 WARN o.a.j.t.JMeterThread: Interrupting: Test Member Java 1-21 sampler: sayhi
2026-07-14 21:31:13,201 INFO o.a.j.t.JMeterThread: Stopping: Test Member Java 1-10
2026-07-14 21:31:13,201 WARN o.a.j.t.JMeterThread: Interrupting: Test Member Java 1-10 sampler: sayhi
2026-07-14 21:31:13,201 INFO o.a.j.t.JMeterThread: Stopping: Test Member Java 1-1
2026-07-14 21:31:13,201 WARN o.a.j.t.JMeterThread: Interrupting: Test Member Java 1-1 sampler: sayhi
2026-07-14 21:31:13,201 INFO o.a.j.t.JMeterThread: Thread finished: Test Member Java 1-27
2026-07-14 21:31:13,201 INFO o.a.j.t.JMeterThread: Stopping: Test Member Java 1-39
2026-07-14 21:31:13,201 WARN o.a.j.t.JMeterThread: Interrupting: Test Member Java 1-39 sampler: sayhi
2026-07-14 21:31:13,201 INFO o.a.j.t.JMeterThread: Thread finished: Test Member Java 1-26
2026-07-14 21:31:13,201 INFO o.a.j.t.JMeterThread: Thread finished: Test Member Java 1-21
2026-07-14 21:31:13,202 INFO o.a.j.t.JMeterThread: Thread finished: Test Member Java 1-1
2026-07-14 21:31:13,204 INFO o.a.j.t.JMeterThread: Thread finished: Test Member Java 1-10
2026-07-14 21:31:13,207 INFO o.a.j.t.JMeterThread: Stopping: Test Member Java 1-20
2026-07-14 21:31:13,207 INFO o.a.j.t.JMeterThread: Thread finished: Test Member Java 1-39
2026-07-14 21:31:13,207 WARN o.a.j.t.JMeterThread: Interrupting: Test Member Java 1-20 sampler: sayhi
2026-07-14 21:31:13,213 INFO o.a.j.t.JMeterThread: Stopping: Test Member Java 1-31
2026-07-14 21:31:13,213 INFO o.a.j.t.JMeterThread: Thread finished: Test Member Java 1-20
2026-07-14 21:31:13,214 WARN o.a.j.t.JMeterThread: Interrupting: Test Member Java 1-31 sampler: sayhi
2026-07-14 21:31:13,215 INFO o.a.j.t.JMeterThread: Stopping: Test Member Java 1-45
2026-07-14 21:31:13,215 WARN o.a.j.t.JMeterThread: Interrupting: Test Member Java 1-45 sampler: sayhi
2026-07-14 21:31:13,215 INFO o.a.j.t.JMeterThread: Stopping: Test Member Java 1-15
2026-07-14 21:31:13,215 WARN o.a.j.t.JMeterThread: Interrupting: Test Member Java 1-15 sampler: sayhi
2026-07-14 21:31:13,215 INFO o.a.j.t.JMeterThread: Stopping: Test Member Java 1-37
2026-07-14 21:31:13,215 WARN o.a.j.t.JMeterThread: Interrupting: Test Member Java 1-37 sampler: sayhi
2026-07-14 21:31:13,215 INFO o.a.j.t.JMeterThread: Stopping: Test Member Java 1-2
2026-07-14 21:31:13,215 INFO o.a.j.t.JMeterThread: Thread finished: Test Member Java 1-45
2026-07-14 21:31:13,215 INFO o.a.j.t.JMeterThread: Thread finished: Test Member Java 1-2
2026-07-14 21:31:13,215 INFO o.a.j.t.JMeterThread: Stopping: Test Member Java 1-50
2026-07-14 21:31:13,215 WARN o.a.j.t.JMeterThread: Interrupting: Test Member Java 1-50 sampler: sayhi
2026-07-14 21:31:13,215 INFO o.a.j.t.JMeterThread: Thread finished: Test Member Java 1-31
2026-07-14 21:31:13,216 INFO o.a.j.t.JMeterThread: Thread finished: Test Member Java 1-15
2026-07-14 21:31:13,219 INFO o.a.j.t.JMeterThread: Thread finished: Test Member Java 1-37
2026-07-14 21:31:13,221 INFO o.a.j.t.JMeterThread: Stopping: Test Member Java 1-40
2026-07-14 21:31:13,221 INFO o.a.j.t.JMeterThread: Thread finished: Test Member Java 1-50
2026-07-14 21:31:13,221 INFO o.a.j.t.JMeterThread: Thread finished: Test Member Java 1-40
2026-07-14 21:31:13,221 INFO o.a.j.t.JMeterThread: Stopping: Test Member Java 1-46
2026-07-14 21:31:13,221 WARN o.a.j.t.JMeterThread: Interrupting: Test Member Java 1-46 sampler: sayhi
2026-07-14 21:31:13,223 INFO o.a.j.t.JMeterThread: Stopping: Test Member Java 1-8
2026-07-14 21:31:13,223 INFO o.a.j.t.JMeterThread: Thread finished: Test Member Java 1-8
2026-07-14 21:31:13,223 INFO o.a.j.t.JMeterThread: Thread finished: Test Member Java 1-46
2026-07-14 21:31:13,223 INFO o.a.j.e.StandardJMeterEngine: Notifying test listeners of end of test
2026-07-14 21:31:13,224 INFO o.a.j.g.u.JMeterMenuBar: setRunning(false, *local*)
2026-07-14 21:31:19,729 INFO o.a.j.e.StandardJMeterEngine: Running the test!
2026-07-14 21:31:19,729 INFO o.a.j.s.SampleEvent: List of sample_variables: []
2026-07-14 21:31:19,729 INFO o.a.j.g.u.JMeterMenuBar: setRunning(true, *local*)
2026-07-14 21:31:19,757 INFO o.a.j.e.StandardJMeterEngine: Starting ThreadGroup: 1 : Test Member Java
2026-07-14 21:31:19,757 INFO o.a.j.e.StandardJMeterEngine: Starting 50 threads for group Test Member Java.
2026-07-14 21:31:19,757 INFO o.a.j.e.StandardJMeterEngine: Thread will continue on error
2026-07-14 21:31:19,757 INFO o.a.j.t.ThreadGroup: Starting thread group... number=1 threads=50 ramp-up=1 delayedStart=true
2026-07-14 21:31:19,757 INFO o.a.j.t.ThreadGroup: Started thread group number 1
2026-07-14 21:31:19,757 INFO o.a.j.e.StandardJMeterEngine: All thread groups have been started
2026-07-14 21:31:19,758 INFO o.a.j.t.JMeterThread: Thread started: Test Member Java 1-1
2026-07-14 21:31:19,787 INFO o.a.j.t.JMeterThread: Thread started: Test Member Java 1-2
2026-07-14 21:31:19,819 INFO o.a.j.t.JMeterThread: Thread started: Test Member Java 1-3
2026-07-14 21:31:19,850 INFO o.a.j.t.JMeterThread: Thread started: Test Member Java 1-4
2026-07-14 21:31:19,880 INFO o.a.j.t.JMeterThread: Thread started: Test Member Java 1-5
2026-07-14 21:31:19,900 INFO o.a.j.t.JMeterThread: Thread started: Test Member Java 1-6
2026-07-14 21:31:19,920 INFO o.a.j.t.JMeterThread: Thread started: Test Member Java 1-7
2026-07-14 21:31:19,940 INFO o.a.j.t.JMeterThread: Thread started: Test Member Java 1-8
2026-07-14 21:31:19,960 INFO o.a.j.t.JMeterThread: Thread started: Test Member Java 1-9
2026-07-14 21:31:19,983 INFO o.a.j.t.JMeterThread: Thread started: Test Member Java 1-10
2026-07-14 21:31:20,006 INFO o.a.j.t.JMeterThread: Thread started: Test Member Java 1-11
2026-07-14 21:31:20,037 INFO o.a.j.t.JMeterThread: Thread started: Test Member Java 1-12
2026-07-14 21:31:20,044 INFO o.a.j.t.JMeterThread: Thread started: Test Member Java 1-13
2026-07-14 21:31:20,064 INFO o.a.j.t.JMeterThread: Thread started: Test Member Java 1-14
2026-07-14 21:31:20,103 INFO o.a.j.t.JMeterThread: Thread started: Test Member Java 1-15
2026-07-14 21:31:20,126 INFO o.a.j.t.JMeterThread: Thread started: Test Member Java 1-16
2026-07-14 21:31:20,150 INFO o.a.j.t.JMeterThread: Thread started: Test Member Java 1-18
2026-07-14 21:31:20,150 INFO o.a.j.t.JMeterThread: Thread started: Test Member Java 1-17
2026-07-14 21:31:20,182 INFO o.a.j.t.JMeterThread: Thread started: Test Member Java 1-19
2026-07-14 21:31:20,190 INFO o.a.j.t.JMeterThread: Thread started: Test Member Java 1-20
2026-07-14 21:31:20,210 INFO o.a.j.t.JMeterThread: Thread started: Test Member Java 1-21
2026-07-14 21:31:20,232 INFO o.a.j.t.JMeterThread: Thread started: Test Member Java 1-22
2026-07-14 21:31:20,254 INFO o.a.j.t.JMeterThread: Thread started: Test Member Java 1-23
2026-07-14 21:31:20,275 INFO o.a.j.t.JMeterThread: Thread started: Test Member Java 1-24
2026-07-14 21:31:20,301 INFO o.a.j.t.JMeterThread: Thread started: Test Member Java 1-25
2026-07-14 21:31:20,330 INFO o.a.j.t.JMeterThread: Thread started: Test Member Java 1-26
2026-07-14 21:31:20,341 INFO o.a.j.t.JMeterThread: Thread started: Test Member Java 1-27
2026-07-14 21:31:20,359 INFO o.a.j.t.JMeterThread: Thread started: Test Member Java 1-28
2026-07-14 21:31:20,384 INFO o.a.j.t.JMeterThread: Thread started: Test Member Java 1-29
2026-07-14 21:31:20,394 INFO o.a.j.t.JMeterThread: Thread started: Test Member Java 1-30
2026-07-14 21:31:20,419 INFO o.a.j.t.JMeterThread: Thread started: Test Member Java 1-31
2026-07-14 21:31:20,440 INFO o.a.j.t.JMeterThread: Thread started: Test Member Java 1-32
2026-07-14 21:31:20,460 INFO o.a.j.t.JMeterThread: Thread started: Test Member Java 1-33
2026-07-14 21:31:20,467 INFO o.a.j.t.JMeterThread: Thread started: Test Member Java 1-34
2026-07-14 21:31:20,495 INFO o.a.j.t.JMeterThread: Thread started: Test Member Java 1-35
2026-07-14 21:31:20,508 INFO o.a.j.t.JMeterThread: Thread started: Test Member Java 1-36
2026-07-14 21:31:20,527 INFO o.a.j.t.JMeterThread: Thread started: Test Member Java 1-37
2026-07-14 21:31:20,553 INFO o.a.j.t.JMeterThread: Thread started: Test Member Java 1-38
2026-07-14 21:31:20,573 INFO o.a.j.t.JMeterThread: Thread started: Test Member Java 1-39
2026-07-14 21:31:20,586 INFO o.a.j.t.JMeterThread: Thread started: Test Member Java 1-40
2026-07-14 21:31:20,607 INFO o.a.j.t.JMeterThread: Thread started: Test Member Java 1-41
2026-07-14 21:31:20,629 INFO o.a.j.t.JMeterThread: Thread started: Test Member Java 1-42
2026-07-14 21:31:20,645 INFO o.a.j.t.JMeterThread: Thread started: Test Member Java 1-43
2026-07-14 21:31:20,655 INFO o.a.j.t.JMeterThread: Thread started: Test Member Java 1-44
2026-07-14 21:31:20,682 INFO o.a.j.t.JMeterThread: Thread started: Test Member Java 1-45
2026-07-14 21:31:20,698 INFO o.a.j.t.JMeterThread: Thread started: Test Member Java 1-46
2026-07-14 21:31:20,712 INFO o.a.j.t.JMeterThread: Thread started: Test Member Java 1-47
2026-07-14 21:31:20,740 INFO o.a.j.t.JMeterThread: Thread started: Test Member Java 1-48
2026-07-14 21:31:20,748 INFO o.a.j.t.JMeterThread: Thread started: Test Member Java 1-49
2026-07-14 21:31:20,762 INFO o.a.j.t.JMeterThread: Thread started: Test Member Java 1-50
2026-07-14 21:35:58,137 INFO o.a.j.g.a.Start: Stopping test
2026-07-14 21:35:58,151 INFO o.a.j.t.JMeterThread: Stopping: Test Member Java 1-2
2026-07-14 21:35:58,152 WARN o.a.j.t.JMeterThread: Interrupting: Test Member Java 1-2 sampler: sayhi
2026-07-14 21:35:58,153 INFO o.a.j.t.JMeterThread: Stopping: Test Member Java 1-14
2026-07-14 21:35:58,153 WARN o.a.j.t.JMeterThread: Interrupting: Test Member Java 1-14 sampler: sayhi
2026-07-14 21:35:58,153 INFO o.a.j.t.JMeterThread: Thread finished: Test Member Java 1-2
2026-07-14 21:35:58,154 INFO o.a.j.t.JMeterThread: Stopping: Test Member Java 1-33
2026-07-14 21:35:58,154 INFO o.a.j.t.JMeterThread: Thread finished: Test Member Java 1-14
2026-07-14 21:35:58,154 WARN o.a.j.t.JMeterThread: Interrupting: Test Member Java 1-33 sampler: sayhiv1
2026-07-14 21:35:58,156 INFO o.a.j.t.JMeterThread: Stopping: Test Member Java 1-10
2026-07-14 21:35:58,156 WARN o.a.j.t.JMeterThread: Interrupting: Test Member Java 1-10 sampler: sayhi
2026-07-14 21:35:58,156 INFO o.a.j.t.JMeterThread: Thread finished: Test Member Java 1-33
2026-07-14 21:35:58,158 INFO o.a.j.t.JMeterThread: Stopping: Test Member Java 1-34
2026-07-14 21:35:58,158 WARN o.a.j.t.JMeterThread: Interrupting: Test Member Java 1-34 sampler: sayhiv1
2026-07-14 21:35:58,158 INFO o.a.j.t.JMeterThread: Thread finished: Test Member Java 1-10
2026-07-14 21:35:58,161 INFO o.a.j.t.JMeterThread: Stopping: Test Member Java 1-50
2026-07-14 21:35:58,161 INFO o.a.j.t.JMeterThread: Thread finished: Test Member Java 1-34
2026-07-14 21:35:58,161 WARN o.a.j.t.JMeterThread: Interrupting: Test Member Java 1-50 sampler: sayhiv1
2026-07-14 21:35:58,162 INFO o.a.j.t.JMeterThread: Stopping: Test Member Java 1-25
2026-07-14 21:35:58,162 WARN o.a.j.t.JMeterThread: Interrupting: Test Member Java 1-25 sampler: sayhi
2026-07-14 21:35:58,162 INFO o.a.j.t.JMeterThread: Thread finished: Test Member Java 1-50
2026-07-14 21:35:58,164 INFO o.a.j.t.JMeterThread: Stopping: Test Member Java 1-21
2026-07-14 21:35:58,164 WARN o.a.j.t.JMeterThread: Interrupting: Test Member Java 1-21 sampler: sayhiv1
2026-07-14 21:35:58,164 INFO o.a.j.t.JMeterThread: Thread finished: Test Member Java 1-25
2026-07-14 21:35:58,164 INFO o.a.j.t.JMeterThread: Stopping: Test Member Java 1-48
2026-07-14 21:35:58,164 INFO o.a.j.t.JMeterThread: Thread finished: Test Member Java 1-21
2026-07-14 21:35:58,165 WARN o.a.j.t.JMeterThread: Interrupting: Test Member Java 1-48 sampler: sayhiv1
2026-07-14 21:35:58,166 INFO o.a.j.t.JMeterThread: Stopping: Test Member Java 1-31
2026-07-14 21:35:58,166 WARN o.a.j.t.JMeterThread: Interrupting: Test Member Java 1-31 sampler: sayhiv1
2026-07-14 21:35:58,166 INFO o.a.j.t.JMeterThread: Thread finished: Test Member Java 1-48
2026-07-14 21:35:58,168 INFO o.a.j.t.JMeterThread: Stopping: Test Member Java 1-44
2026-07-14 21:35:58,168 WARN o.a.j.t.JMeterThread: Interrupting: Test Member Java 1-44 sampler: sayhiv1
2026-07-14 21:35:58,168 INFO o.a.j.t.JMeterThread: Thread finished: Test Member Java 1-31
2026-07-14 21:35:58,168 INFO o.a.j.t.JMeterThread: Stopping: Test Member Java 1-6
2026-07-14 21:35:58,168 WARN o.a.j.t.JMeterThread: Interrupting: Test Member Java 1-6 sampler: sayhiv1
2026-07-14 21:35:58,169 INFO o.a.j.t.JMeterThread: Thread finished: Test Member Java 1-44
2026-07-14 21:35:58,169 INFO o.a.j.t.JMeterThread: Stopping: Test Member Java 1-41
2026-07-14 21:35:58,169 INFO o.a.j.t.JMeterThread: Thread finished: Test Member Java 1-6
2026-07-14 21:35:58,169 WARN o.a.j.t.JMeterThread: Interrupting: Test Member Java 1-41 sampler: sayhiv1
2026-07-14 21:35:58,171 INFO o.a.j.t.JMeterThread: Stopping: Test Member Java 1-17
2026-07-14 21:35:58,171 WARN o.a.j.t.JMeterThread: Interrupting: Test Member Java 1-17 sampler: sayhiv1
2026-07-14 21:35:58,171 INFO o.a.j.t.JMeterThread: Thread finished: Test Member Java 1-41
2026-07-14 21:35:58,172 INFO o.a.j.t.JMeterThread: Stopping: Test Member Java 1-36
2026-07-14 21:35:58,172 WARN o.a.j.t.JMeterThread: Interrupting: Test Member Java 1-36 sampler: sayhi
2026-07-14 21:35:58,172 INFO o.a.j.t.JMeterThread: Thread finished: Test Member Java 1-17
2026-07-14 21:35:58,174 INFO o.a.j.t.JMeterThread: Stopping: Test Member Java 1-16
2026-07-14 21:35:58,175 WARN o.a.j.t.JMeterThread: Interrupting: Test Member Java 1-16 sampler: sayhi
2026-07-14 21:35:58,175 INFO o.a.j.t.JMeterThread: Thread finished: Test Member Java 1-36
2026-07-14 21:35:58,175 INFO o.a.j.t.JMeterThread: Stopping: Test Member Java 1-3
2026-07-14 21:35:58,175 WARN o.a.j.t.JMeterThread: Interrupting: Test Member Java 1-3 sampler: sayhi
2026-07-14 21:35:58,175 INFO o.a.j.t.JMeterThread: Thread finished: Test Member Java 1-16
2026-07-14 21:35:58,176 INFO o.a.j.t.JMeterThread: Stopping: Test Member Java 1-24
2026-07-14 21:35:58,176 WARN o.a.j.t.JMeterThread: Interrupting: Test Member Java 1-24 sampler: sayhi
2026-07-14 21:35:58,176 INFO o.a.j.t.JMeterThread: Thread finished: Test Member Java 1-3
2026-07-14 21:35:58,178 INFO o.a.j.t.JMeterThread: Stopping: Test Member Java 1-4
2026-07-14 21:35:58,178 WARN o.a.j.t.JMeterThread: Interrupting: Test Member Java 1-4 sampler: sayhiv1
2026-07-14 21:35:58,178 INFO o.a.j.t.JMeterThread: Thread finished: Test Member Java 1-24
2026-07-14 21:35:58,178 INFO o.a.j.t.JMeterThread: Stopping: Test Member Java 1-11
2026-07-14 21:35:58,178 WARN o.a.j.t.JMeterThread: Interrupting: Test Member Java 1-11 sampler: sayhi
2026-07-14 21:35:58,178 INFO o.a.j.t.JMeterThread: Thread finished: Test Member Java 1-4
2026-07-14 21:35:58,179 INFO o.a.j.t.JMeterThread: Stopping: Test Member Java 1-19
2026-07-14 21:35:58,179 INFO o.a.j.t.JMeterThread: Thread finished: Test Member Java 1-11
2026-07-14 21:35:58,181 WARN o.a.j.t.JMeterThread: Interrupting: Test Member Java 1-19 sampler: sayhiv1
2026-07-14 21:35:58,182 INFO o.a.j.t.JMeterThread: Stopping: Test Member Java 1-40
2026-07-14 21:35:58,182 WARN o.a.j.t.JMeterThread: Interrupting: Test Member Java 1-40 sampler: sayhiv1
2026-07-14 21:35:58,182 INFO o.a.j.t.JMeterThread: Thread finished: Test Member Java 1-19
2026-07-14 21:35:58,184 INFO o.a.j.t.JMeterThread: Stopping: Test Member Java 1-8
2026-07-14 21:35:58,184 WARN o.a.j.t.JMeterThread: Interrupting: Test Member Java 1-8 sampler: sayhi
2026-07-14 21:35:58,184 INFO o.a.j.t.JMeterThread: Thread finished: Test Member Java 1-40
2026-07-14 21:35:58,186 INFO o.a.j.t.JMeterThread: Stopping: Test Member Java 1-39
2026-07-14 21:35:58,186 WARN o.a.j.t.JMeterThread: Interrupting: Test Member Java 1-39 sampler: sayhiv1
2026-07-14 21:35:58,186 INFO o.a.j.t.JMeterThread: Thread finished: Test Member Java 1-8
2026-07-14 21:35:58,187 INFO o.a.j.t.JMeterThread: Stopping: Test Member Java 1-12
2026-07-14 21:35:58,187 WARN o.a.j.t.JMeterThread: Interrupting: Test Member Java 1-12 sampler: sayhiv1
2026-07-14 21:35:58,188 INFO o.a.j.t.JMeterThread: Thread finished: Test Member Java 1-39
2026-07-14 21:35:58,189 INFO o.a.j.t.JMeterThread: Stopping: Test Member Java 1-26
2026-07-14 21:35:58,189 INFO o.a.j.t.JMeterThread: Thread finished: Test Member Java 1-12
2026-07-14 21:35:58,189 WARN o.a.j.t.JMeterThread: Interrupting: Test Member Java 1-26 sampler: sayhi
2026-07-14 21:35:58,192 INFO o.a.j.t.JMeterThread: Stopping: Test Member Java 1-38
2026-07-14 21:35:58,192 INFO o.a.j.t.JMeterThread: Thread finished: Test Member Java 1-26
2026-07-14 21:35:58,192 WARN o.a.j.t.JMeterThread: Interrupting: Test Member Java 1-38 sampler: sayhiv1
2026-07-14 21:35:58,194 INFO o.a.j.t.JMeterThread: Stopping: Test Member Java 1-43
2026-07-14 21:35:58,194 INFO o.a.j.t.JMeterThread: Thread finished: Test Member Java 1-43
2026-07-14 21:35:58,194 INFO o.a.j.t.JMeterThread: Thread finished: Test Member Java 1-38
2026-07-14 21:35:58,194 INFO o.a.j.t.JMeterThread: Stopping: Test Member Java 1-35
2026-07-14 21:35:58,194 WARN o.a.j.t.JMeterThread: Interrupting: Test Member Java 1-35 sampler: sayhi
2026-07-14 21:35:58,195 INFO o.a.j.t.JMeterThread: Stopping: Test Member Java 1-37
2026-07-14 21:35:58,196 WARN o.a.j.t.JMeterThread: Interrupting: Test Member Java 1-37 sampler: sayhi
2026-07-14 21:35:58,196 INFO o.a.j.t.JMeterThread: Thread finished: Test Member Java 1-35
2026-07-14 21:35:58,197 INFO o.a.j.t.JMeterThread: Stopping: Test Member Java 1-28
2026-07-14 21:35:58,197 WARN o.a.j.t.JMeterThread: Interrupting: Test Member Java 1-28 sampler: sayhiv1
2026-07-14 21:35:58,197 INFO o.a.j.t.JMeterThread: Thread finished: Test Member Java 1-37
2026-07-14 21:35:58,200 INFO o.a.j.t.JMeterThread: Stopping: Test Member Java 1-5
2026-07-14 21:35:58,200 WARN o.a.j.t.JMeterThread: Interrupting: Test Member Java 1-5 sampler: sayhi
2026-07-14 21:35:58,200 INFO o.a.j.t.JMeterThread: Thread finished: Test Member Java 1-28
2026-07-14 21:35:58,201 INFO o.a.j.t.JMeterThread: Stopping: Test Member Java 1-22
2026-07-14 21:35:58,202 WARN o.a.j.t.JMeterThread: Interrupting: Test Member Java 1-22 sampler: sayhiv1
2026-07-14 21:35:58,202 INFO o.a.j.t.JMeterThread: Thread finished: Test Member Java 1-5
2026-07-14 21:35:58,203 INFO o.a.j.t.JMeterThread: Stopping: Test Member Java 1-42
2026-07-14 21:35:58,203 WARN o.a.j.t.JMeterThread: Interrupting: Test Member Java 1-42 sampler: sayhiv1
2026-07-14 21:35:58,204 INFO o.a.j.t.JMeterThread: Thread finished: Test Member Java 1-22
2026-07-14 21:35:58,205 INFO o.a.j.t.JMeterThread: Stopping: Test Member Java 1-47
2026-07-14 21:35:58,205 INFO o.a.j.t.JMeterThread: Thread finished: Test Member Java 1-42
2026-07-14 21:35:58,205 WARN o.a.j.t.JMeterThread: Interrupting: Test Member Java 1-47 sampler: sayhi
2026-07-14 21:35:58,206 INFO o.a.j.t.JMeterThread: Stopping: Test Member Java 1-9
2026-07-14 21:35:58,206 INFO o.a.j.t.JMeterThread: Thread finished: Test Member Java 1-47
2026-07-14 21:35:58,206 INFO o.a.j.t.JMeterThread: Thread finished: Test Member Java 1-9
2026-07-14 21:35:58,208 INFO o.a.j.t.JMeterThread: Stopping: Test Member Java 1-7
2026-07-14 21:35:58,208 INFO o.a.j.t.JMeterThread: Stopping: Test Member Java 1-46
2026-07-14 21:35:58,208 WARN o.a.j.t.JMeterThread: Interrupting: Test Member Java 1-46 sampler: sayhi
2026-07-14 21:35:58,209 INFO o.a.j.t.JMeterThread: Thread finished: Test Member Java 1-45
2026-07-14 21:35:58,209 INFO o.a.j.t.JMeterThread: Stopping: Test Member Java 1-45
2026-07-14 21:35:58,209 INFO o.a.j.t.JMeterThread: Thread finished: Test Member Java 1-46
2026-07-14 21:35:58,209 INFO o.a.j.t.JMeterThread: Stopping: Test Member Java 1-1
2026-07-14 21:35:58,209 INFO o.a.j.t.JMeterThread: Stopping: Test Member Java 1-13
2026-07-14 21:35:58,209 INFO o.a.j.t.JMeterThread: Stopping: Test Member Java 1-20
2026-07-14 21:35:58,209 INFO o.a.j.t.JMeterThread: Stopping: Test Member Java 1-29
2026-07-14 21:35:58,209 INFO o.a.j.t.JMeterThread: Stopping: Test Member Java 1-27
2026-07-14 21:35:58,209 INFO o.a.j.t.JMeterThread: Stopping: Test Member Java 1-30
2026-07-14 21:35:58,209 INFO o.a.j.t.JMeterThread: Stopping: Test Member Java 1-49
2026-07-14 21:35:58,209 INFO o.a.j.t.JMeterThread: Stopping: Test Member Java 1-18
2026-07-14 21:35:58,209 INFO o.a.j.t.JMeterThread: Stopping: Test Member Java 1-15
2026-07-14 21:35:58,209 INFO o.a.j.t.JMeterThread: Stopping: Test Member Java 1-23
2026-07-14 21:35:58,209 INFO o.a.j.t.JMeterThread: Stopping: Test Member Java 1-32
2026-07-14 21:35:58,222 INFO o.a.j.t.JMeterThread: Thread finished: Test Member Java 1-32
2026-07-14 21:35:58,222 INFO o.a.j.t.JMeterThread: Thread finished: Test Member Java 1-23
2026-07-14 21:35:58,222 INFO o.a.j.t.JMeterThread: Thread finished: Test Member Java 1-20
2026-07-14 21:35:58,222 INFO o.a.j.t.JMeterThread: Thread finished: Test Member Java 1-27
2026-07-14 21:35:58,222 INFO o.a.j.t.JMeterThread: Thread finished: Test Member Java 1-15
2026-07-14 21:35:58,222 INFO o.a.j.t.JMeterThread: Thread finished: Test Member Java 1-30
2026-07-14 21:35:58,222 INFO o.a.j.t.JMeterThread: Thread finished: Test Member Java 1-29
2026-07-14 21:35:58,222 INFO o.a.j.t.JMeterThread: Thread finished: Test Member Java 1-1
2026-07-14 21:35:58,222 INFO o.a.j.t.JMeterThread: Thread finished: Test Member Java 1-13
2026-07-14 21:35:58,222 INFO o.a.j.t.JMeterThread: Thread finished: Test Member Java 1-7
2026-07-14 21:35:58,222 INFO o.a.j.t.JMeterThread: Thread finished: Test Member Java 1-18
2026-07-14 21:35:58,222 INFO o.a.j.t.JMeterThread: Thread finished: Test Member Java 1-49
2026-07-14 21:35:58,223 INFO o.a.j.e.StandardJMeterEngine: Notifying test listeners of end of test
2026-07-14 21:35:58,223 INFO o.a.j.g.u.JMeterMenuBar: setRunning(false, *local*)
2026-07-14 21:36:00,042 INFO o.a.j.e.StandardJMeterEngine: Running the test!
2026-07-14 21:36:00,042 INFO o.a.j.s.SampleEvent: List of sample_variables: []
2026-07-14 21:36:00,042 INFO o.a.j.g.u.JMeterMenuBar: setRunning(true, *local*)
2026-07-14 21:36:00,072 INFO o.a.j.e.StandardJMeterEngine: Starting ThreadGroup: 1 : Test Member Java
2026-07-14 21:36:00,072 INFO o.a.j.e.StandardJMeterEngine: Starting 50 threads for group Test Member Java.
2026-07-14 21:36:00,072 INFO o.a.j.e.StandardJMeterEngine: Thread will continue on error
2026-07-14 21:36:00,072 INFO o.a.j.t.ThreadGroup: Starting thread group... number=1 threads=50 ramp-up=1 delayedStart=true
2026-07-14 21:36:00,072 INFO o.a.j.t.ThreadGroup: Started thread group number 1
2026-07-14 21:36:00,072 INFO o.a.j.e.StandardJMeterEngine: All thread groups have been started
2026-07-14 21:36:00,074 INFO o.a.j.t.JMeterThread: Thread started: Test Member Java 1-1
2026-07-14 21:36:00,107 INFO o.a.j.t.JMeterThread: Thread started: Test Member Java 1-2
2026-07-14 21:36:00,139 INFO o.a.j.t.JMeterThread: Thread started: Test Member Java 1-3
2026-07-14 21:36:00,170 INFO o.a.j.t.JMeterThread: Thread started: Test Member Java 1-4
2026-07-14 21:36:00,200 INFO o.a.j.t.JMeterThread: Thread started: Test Member Java 1-5
2026-07-14 21:36:00,220 INFO o.a.j.t.JMeterThread: Thread started: Test Member Java 1-6
2026-07-14 21:36:00,240 INFO o.a.j.t.JMeterThread: Thread started: Test Member Java 1-7
2026-07-14 21:36:00,260 INFO o.a.j.t.JMeterThread: Thread started: Test Member Java 1-8
2026-07-14 21:36:00,280 INFO o.a.j.t.JMeterThread: Thread started: Test Member Java 1-9
2026-07-14 21:36:00,300 INFO o.a.j.t.JMeterThread: Thread started: Test Member Java 1-10
2026-07-14 21:36:00,320 INFO o.a.j.t.JMeterThread: Thread started: Test Member Java 1-11
2026-07-14 21:36:00,341 INFO o.a.j.t.JMeterThread: Thread started: Test Member Java 1-12
2026-07-14 21:36:00,361 INFO o.a.j.t.JMeterThread: Thread started: Test Member Java 1-13
2026-07-14 21:36:00,382 INFO o.a.j.t.JMeterThread: Thread started: Test Member Java 1-14
2026-07-14 21:36:00,404 INFO o.a.j.t.JMeterThread: Thread started: Test Member Java 1-15
2026-07-14 21:36:00,424 INFO o.a.j.t.JMeterThread: Thread started: Test Member Java 1-16
2026-07-14 21:36:00,444 INFO o.a.j.t.JMeterThread: Thread started: Test Member Java 1-17
2026-07-14 21:36:00,462 INFO o.a.j.t.JMeterThread: Thread started: Test Member Java 1-18
2026-07-14 21:36:00,483 INFO o.a.j.t.JMeterThread: Thread started: Test Member Java 1-19
2026-07-14 21:36:00,504 INFO o.a.j.t.JMeterThread: Thread started: Test Member Java 1-20
2026-07-14 21:36:00,524 INFO o.a.j.t.JMeterThread: Thread started: Test Member Java 1-21
2026-07-14 21:36:00,544 INFO o.a.j.t.JMeterThread: Thread started: Test Member Java 1-22
2026-07-14 21:36:00,583 INFO o.a.j.t.JMeterThread: Thread started: Test Member Java 1-23
2026-07-14 21:36:00,602 INFO o.a.j.t.JMeterThread: Thread started: Test Member Java 1-24
2026-07-14 21:36:00,619 INFO o.a.j.t.JMeterThread: Thread started: Test Member Java 1-25
2026-07-14 21:36:00,639 INFO o.a.j.t.JMeterThread: Thread started: Test Member Java 1-26
2026-07-14 21:36:00,659 INFO o.a.j.t.JMeterThread: Thread started: Test Member Java 1-27
2026-07-14 21:36:00,680 INFO o.a.j.t.JMeterThread: Thread started: Test Member Java 1-28
2026-07-14 21:36:00,696 INFO o.a.j.t.JMeterThread: Thread started: Test Member Java 1-29
2026-07-14 21:36:00,714 INFO o.a.j.t.JMeterThread: Thread started: Test Member Java 1-30
2026-07-14 21:36:00,734 INFO o.a.j.t.JMeterThread: Thread started: Test Member Java 1-31
2026-07-14 21:36:00,752 INFO o.a.j.t.JMeterThread: Thread started: Test Member Java 1-32
2026-07-14 21:36:00,771 INFO o.a.j.t.JMeterThread: Thread started: Test Member Java 1-33
2026-07-14 21:36:00,792 INFO o.a.j.t.JMeterThread: Thread started: Test Member Java 1-34
2026-07-14 21:36:00,810 INFO o.a.j.t.JMeterThread: Thread started: Test Member Java 1-35
2026-07-14 21:36:00,828 INFO o.a.j.t.JMeterThread: Thread started: Test Member Java 1-36
2026-07-14 21:36:00,847 INFO o.a.j.t.JMeterThread: Thread started: Test Member Java 1-37
2026-07-14 21:36:00,865 INFO o.a.j.t.JMeterThread: Thread started: Test Member Java 1-38
2026-07-14 21:36:00,883 INFO o.a.j.t.JMeterThread: Thread started: Test Member Java 1-39
2026-07-14 21:36:00,901 INFO o.a.j.t.JMeterThread: Thread started: Test Member Java 1-40
2026-07-14 21:36:00,920 INFO o.a.j.t.JMeterThread: Thread started: Test Member Java 1-41
2026-07-14 21:36:00,936 INFO o.a.j.t.JMeterThread: Thread started: Test Member Java 1-42
2026-07-14 21:36:00,954 INFO o.a.j.t.JMeterThread: Thread started: Test Member Java 1-43
2026-07-14 21:36:00,973 INFO o.a.j.t.JMeterThread: Thread started: Test Member Java 1-44
2026-07-14 21:36:00,992 INFO o.a.j.t.JMeterThread: Thread started: Test Member Java 1-45
2026-07-14 21:36:01,010 INFO o.a.j.t.JMeterThread: Thread started: Test Member Java 1-46
2026-07-14 21:36:01,026 INFO o.a.j.t.JMeterThread: Thread started: Test Member Java 1-47
2026-07-14 21:36:01,043 INFO o.a.j.t.JMeterThread: Thread started: Test Member Java 1-48
2026-07-14 21:36:01,061 INFO o.a.j.t.JMeterThread: Thread started: Test Member Java 1-49
2026-07-14 21:36:01,075 INFO o.a.j.t.JMeterThread: Thread started: Test Member Java 1-50
2026-07-14 21:37:22,281 INFO o.a.j.g.a.Start: Stopping test
2026-07-14 21:37:22,292 INFO o.a.j.t.JMeterThread: Stopping: Test Member Java 1-47
2026-07-14 21:37:22,292 WARN o.a.j.t.JMeterThread: Interrupting: Test Member Java 1-47 sampler: sayhiv1
2026-07-14 21:37:22,305 INFO o.a.j.t.JMeterThread: Thread finished: Test Member Java 1-47
2026-07-14 21:37:22,308 INFO o.a.j.t.JMeterThread: Stopping: Test Member Java 1-49
2026-07-14 21:37:22,308 WARN o.a.j.t.JMeterThread: Interrupting: Test Member Java 1-49 sampler: sayhi
2026-07-14 21:37:22,325 INFO o.a.j.t.JMeterThread: Stopping: Test Member Java 1-27
2026-07-14 21:37:22,326 WARN o.a.j.t.JMeterThread: Interrupting: Test Member Java 1-27 sampler: sayhiv1
2026-07-14 21:37:22,328 INFO o.a.j.t.JMeterThread: Thread finished: Test Member Java 1-49
2026-07-14 21:37:22,337 INFO o.a.j.t.JMeterThread: Stopping: Test Member Java 1-4
2026-07-14 21:37:22,337 INFO o.a.j.t.JMeterThread: Thread finished: Test Member Java 1-27
2026-07-14 21:37:22,337 WARN o.a.j.t.JMeterThread: Interrupting: Test Member Java 1-4 sampler: sayhi
2026-07-14 21:37:22,346 INFO o.a.j.t.JMeterThread: Stopping: Test Member Java 1-46
2026-07-14 21:37:22,346 INFO o.a.j.t.JMeterThread: Thread finished: Test Member Java 1-4
2026-07-14 21:37:22,346 WARN o.a.j.t.JMeterThread: Interrupting: Test Member Java 1-46 sampler: sayhiv1
2026-07-14 21:37:22,374 INFO o.a.j.t.JMeterThread: Stopping: Test Member Java 1-38
2026-07-14 21:37:22,375 WARN o.a.j.t.JMeterThread: Interrupting: Test Member Java 1-38 sampler: sayhi
2026-07-14 21:37:22,375 INFO o.a.j.t.JMeterThread: Thread finished: Test Member Java 1-46
2026-07-14 21:37:22,397 INFO o.a.j.t.JMeterThread: Stopping: Test Member Java 1-5
2026-07-14 21:37:22,397 WARN o.a.j.t.JMeterThread: Interrupting: Test Member Java 1-5 sampler: sayhi
2026-07-14 21:37:22,398 INFO o.a.j.t.JMeterThread: Thread finished: Test Member Java 1-38
2026-07-14 21:37:22,409 INFO o.a.j.t.JMeterThread: Stopping: Test Member Java 1-41
2026-07-14 21:37:22,409 INFO o.a.j.t.JMeterThread: Thread finished: Test Member Java 1-5
2026-07-14 21:37:22,409 WARN o.a.j.t.JMeterThread: Interrupting: Test Member Java 1-41 sampler: sayhi
2026-07-14 21:37:22,430 INFO o.a.j.t.JMeterThread: Stopping: Test Member Java 1-36
2026-07-14 21:37:22,430 INFO o.a.j.t.JMeterThread: Thread finished: Test Member Java 1-41
2026-07-14 21:37:22,430 WARN o.a.j.t.JMeterThread: Interrupting: Test Member Java 1-36 sampler: sayhiv1
2026-07-14 21:37:22,451 INFO o.a.j.t.JMeterThread: Stopping: Test Member Java 1-14
2026-07-14 21:37:22,451 INFO o.a.j.t.JMeterThread: Stopping: Test Member Java 1-6
2026-07-14 21:37:22,451 INFO o.a.j.t.JMeterThread: Stopping: Test Member Java 1-50
2026-07-14 21:37:22,451 WARN o.a.j.t.JMeterThread: Interrupting: Test Member Java 1-50 sampler: sayhiv1
2026-07-14 21:37:22,451 INFO o.a.j.t.JMeterThread: Stopping: Test Member Java 1-10
2026-07-14 21:37:22,451 WARN o.a.j.t.JMeterThread: Interrupting: Test Member Java 1-10 sampler: sayhiv1
2026-07-14 21:37:22,451 INFO o.a.j.t.JMeterThread: Stopping: Test Member Java 1-9
2026-07-14 21:37:22,451 WARN o.a.j.t.JMeterThread: Interrupting: Test Member Java 1-9 sampler: sayhiv1
2026-07-14 21:37:22,451 INFO o.a.j.t.JMeterThread: Stopping: Test Member Java 1-19
2026-07-14 21:37:22,451 INFO o.a.j.t.JMeterThread: Stopping: Test Member Java 1-7
2026-07-14 21:37:22,451 WARN o.a.j.t.JMeterThread: Interrupting: Test Member Java 1-7 sampler: sayhiv1
2026-07-14 21:37:22,451 INFO o.a.j.t.JMeterThread: Stopping: Test Member Java 1-48
2026-07-14 21:37:22,451 WARN o.a.j.t.JMeterThread: Interrupting: Test Member Java 1-48 sampler: sayhiv1
2026-07-14 21:37:22,451 INFO o.a.j.t.JMeterThread: Stopping: Test Member Java 1-40
2026-07-14 21:37:22,451 INFO o.a.j.t.JMeterThread: Stopping: Test Member Java 1-42
2026-07-14 21:37:22,451 WARN o.a.j.t.JMeterThread: Interrupting: Test Member Java 1-42 sampler: sayhiv1
2026-07-14 21:37:22,451 INFO o.a.j.t.JMeterThread: Stopping: Test Member Java 1-11
2026-07-14 21:37:22,451 INFO o.a.j.t.JMeterThread: Stopping: Test Member Java 1-1
2026-07-14 21:37:22,451 INFO o.a.j.t.JMeterThread: Thread finished: Test Member Java 1-42
2026-07-14 21:37:22,451 INFO o.a.j.t.JMeterThread: Thread finished: Test Member Java 1-7
2026-07-14 21:37:22,456 INFO o.a.j.t.JMeterThread: Thread finished: Test Member Java 1-50
2026-07-14 21:37:22,451 INFO o.a.j.t.JMeterThread: Stopping: Test Member Java 1-21
2026-07-14 21:37:22,456 WARN o.a.j.t.JMeterThread: Interrupting: Test Member Java 1-21 sampler: sayhiv1
2026-07-14 21:37:22,456 INFO o.a.j.t.JMeterThread: Stopping: Test Member Java 1-37
2026-07-14 21:37:22,456 WARN o.a.j.t.JMeterThread: Interrupting: Test Member Java 1-37 sampler: sayhiv1
2026-07-14 21:37:22,456 INFO o.a.j.t.JMeterThread: Thread finished: Test Member Java 1-1
2026-07-14 21:37:22,451 INFO o.a.j.t.JMeterThread: Thread finished: Test Member Java 1-9
2026-07-14 21:37:22,456 INFO o.a.j.t.JMeterThread: Thread finished: Test Member Java 1-11
2026-07-14 21:37:22,456 INFO o.a.j.t.JMeterThread: Thread finished: Test Member Java 1-21
2026-07-14 21:37:22,456 INFO o.a.j.t.JMeterThread: Thread finished: Test Member Java 1-19
2026-07-14 21:37:22,456 INFO o.a.j.t.JMeterThread: Thread finished: Test Member Java 1-40
2026-07-14 21:37:22,456 INFO o.a.j.t.JMeterThread: Thread finished: Test Member Java 1-14
2026-07-14 21:37:22,456 INFO o.a.j.t.JMeterThread: Thread finished: Test Member Java 1-6
2026-07-14 21:37:22,457 INFO o.a.j.t.JMeterThread: Thread finished: Test Member Java 1-10
2026-07-14 21:37:22,457 INFO o.a.j.t.JMeterThread: Thread finished: Test Member Java 1-36
2026-07-14 21:37:22,457 INFO o.a.j.t.JMeterThread: Thread finished: Test Member Java 1-48
2026-07-14 21:37:22,467 INFO o.a.j.t.JMeterThread: Stopping: Test Member Java 1-44
2026-07-14 21:37:22,467 INFO o.a.j.t.JMeterThread: Stopping: Test Member Java 1-18
2026-07-14 21:37:22,467 INFO o.a.j.t.JMeterThread: Stopping: Test Member Java 1-33
2026-07-14 21:37:22,467 INFO o.a.j.t.JMeterThread: Stopping: Test Member Java 1-20
2026-07-14 21:37:22,467 INFO o.a.j.t.JMeterThread: Stopping: Test Member Java 1-3
2026-07-14 21:37:22,468 INFO o.a.j.t.JMeterThread: Stopping: Test Member Java 1-30
2026-07-14 21:37:22,468 WARN o.a.j.t.JMeterThread: Interrupting: Test Member Java 1-30 sampler: sayhiv1
2026-07-14 21:37:22,468 INFO o.a.j.t.JMeterThread: Stopping: Test Member Java 1-34
2026-07-14 21:37:22,468 INFO o.a.j.t.JMeterThread: Stopping: Test Member Java 1-13
2026-07-14 21:37:22,468 INFO o.a.j.t.JMeterThread: Stopping: Test Member Java 1-45
2026-07-14 21:37:22,468 WARN o.a.j.t.JMeterThread: Interrupting: Test Member Java 1-45 sampler: sayhi
2026-07-14 21:37:22,468 INFO o.a.j.t.JMeterThread: Stopping: Test Member Java 1-23
2026-07-14 21:37:22,468 WARN o.a.j.t.JMeterThread: Interrupting: Test Member Java 1-23 sampler: sayhi
2026-07-14 21:37:22,468 INFO o.a.j.t.JMeterThread: Stopping: Test Member Java 1-43
2026-07-14 21:37:22,468 INFO o.a.j.t.JMeterThread: Stopping: Test Member Java 1-2
2026-07-14 21:37:22,468 INFO o.a.j.t.JMeterThread: Stopping: Test Member Java 1-25
2026-07-14 21:37:22,468 INFO o.a.j.t.JMeterThread: Stopping: Test Member Java 1-12
2026-07-14 21:37:22,468 INFO o.a.j.t.JMeterThread: Stopping: Test Member Java 1-24
2026-07-14 21:37:22,468 INFO o.a.j.t.JMeterThread: Stopping: Test Member Java 1-31
2026-07-14 21:37:22,468 INFO o.a.j.t.JMeterThread: Stopping: Test Member Java 1-8
2026-07-14 21:37:22,468 INFO o.a.j.t.JMeterThread: Stopping: Test Member Java 1-35
2026-07-14 21:37:22,468 INFO o.a.j.t.JMeterThread: Stopping: Test Member Java 1-15
2026-07-14 21:37:22,468 INFO o.a.j.t.JMeterThread: Stopping: Test Member Java 1-32
2026-07-14 21:37:22,468 INFO o.a.j.t.JMeterThread: Stopping: Test Member Java 1-29
2026-07-14 21:37:22,468 INFO o.a.j.t.JMeterThread: Stopping: Test Member Java 1-39
2026-07-14 21:37:22,468 INFO o.a.j.t.JMeterThread: Stopping: Test Member Java 1-16
2026-07-14 21:37:22,468 INFO o.a.j.t.JMeterThread: Stopping: Test Member Java 1-28
2026-07-14 21:37:22,468 INFO o.a.j.t.JMeterThread: Stopping: Test Member Java 1-26
2026-07-14 21:37:22,468 INFO o.a.j.t.JMeterThread: Stopping: Test Member Java 1-22
2026-07-14 21:37:22,468 INFO o.a.j.t.JMeterThread: Stopping: Test Member Java 1-17
2026-07-14 21:37:22,477 INFO o.a.j.t.JMeterThread: Thread finished: Test Member Java 1-30
2026-07-14 21:37:22,477 INFO o.a.j.t.JMeterThread: Thread finished: Test Member Java 1-23
2026-07-14 21:37:22,477 INFO o.a.j.t.JMeterThread: Thread finished: Test Member Java 1-37
2026-07-14 21:37:22,477 INFO o.a.j.t.JMeterThread: Thread finished: Test Member Java 1-8
2026-07-14 21:37:22,477 INFO o.a.j.t.JMeterThread: Thread finished: Test Member Java 1-12
2026-07-14 21:37:22,478 INFO o.a.j.t.JMeterThread: Thread finished: Test Member Java 1-32
2026-07-14 21:37:22,478 INFO o.a.j.t.JMeterThread: Thread finished: Test Member Java 1-16
2026-07-14 21:37:22,477 INFO o.a.j.t.JMeterThread: Thread finished: Test Member Java 1-25
2026-07-14 21:37:22,478 INFO o.a.j.t.JMeterThread: Thread finished: Test Member Java 1-28
2026-07-14 21:37:22,477 INFO o.a.j.t.JMeterThread: Thread finished: Test Member Java 1-45
2026-07-14 21:37:22,477 INFO o.a.j.t.JMeterThread: Thread finished: Test Member Java 1-17
2026-07-14 21:37:22,477 INFO o.a.j.t.JMeterThread: Thread finished: Test Member Java 1-2
2026-07-14 21:37:22,478 INFO o.a.j.t.JMeterThread: Thread finished: Test Member Java 1-20
2026-07-14 21:37:22,478 INFO o.a.j.t.JMeterThread: Thread finished: Test Member Java 1-13
2026-07-14 21:37:22,478 INFO o.a.j.t.JMeterThread: Thread finished: Test Member Java 1-3
2026-07-14 21:37:22,478 INFO o.a.j.t.JMeterThread: Thread finished: Test Member Java 1-35
2026-07-14 21:37:22,478 INFO o.a.j.t.JMeterThread: Thread finished: Test Member Java 1-39
2026-07-14 21:37:22,478 INFO o.a.j.t.JMeterThread: Thread finished: Test Member Java 1-34
2026-07-14 21:37:22,478 INFO o.a.j.t.JMeterThread: Thread finished: Test Member Java 1-31
2026-07-14 21:37:22,478 INFO o.a.j.t.JMeterThread: Thread finished: Test Member Java 1-15
2026-07-14 21:37:22,478 INFO o.a.j.t.JMeterThread: Thread finished: Test Member Java 1-29
2026-07-14 21:37:22,478 INFO o.a.j.t.JMeterThread: Thread finished: Test Member Java 1-24
2026-07-14 21:37:22,478 INFO o.a.j.t.JMeterThread: Thread finished: Test Member Java 1-43
2026-07-14 21:37:22,478 INFO o.a.j.t.JMeterThread: Thread finished: Test Member Java 1-44
2026-07-14 21:37:22,478 INFO o.a.j.t.JMeterThread: Thread finished: Test Member Java 1-26
2026-07-14 21:37:22,478 INFO o.a.j.t.JMeterThread: Thread finished: Test Member Java 1-22
2026-07-14 21:37:22,478 INFO o.a.j.t.JMeterThread: Thread finished: Test Member Java 1-18
2026-07-14 21:37:22,478 INFO o.a.j.t.JMeterThread: Thread finished: Test Member Java 1-33
2026-07-14 21:37:22,478 INFO o.a.j.e.StandardJMeterEngine: Notifying test listeners of end of test
2026-07-14 21:37:22,478 INFO o.a.j.g.u.JMeterMenuBar: setRunning(false, *local*)
2026-07-14 21:37:39,565 INFO o.a.j.e.StandardJMeterEngine: Running the test!
2026-07-14 21:37:39,566 INFO o.a.j.s.SampleEvent: List of sample_variables: []
2026-07-14 21:37:39,566 INFO o.a.j.g.u.JMeterMenuBar: setRunning(true, *local*)
2026-07-14 21:37:39,596 INFO o.a.j.e.StandardJMeterEngine: Starting ThreadGroup: 1 : Test Member Java
2026-07-14 21:37:39,596 INFO o.a.j.e.StandardJMeterEngine: Starting 50 threads for group Test Member Java.
2026-07-14 21:37:39,596 INFO o.a.j.e.StandardJMeterEngine: Thread will continue on error
2026-07-14 21:37:39,596 INFO o.a.j.t.ThreadGroup: Starting thread group... number=1 threads=50 ramp-up=1 delayedStart=true
2026-07-14 21:37:39,597 INFO o.a.j.t.ThreadGroup: Started thread group number 1
2026-07-14 21:37:39,597 INFO o.a.j.e.StandardJMeterEngine: All thread groups have been started
2026-07-14 21:37:39,597 INFO o.a.j.t.JMeterThread: Thread started: Test Member Java 1-1
2026-07-14 21:37:39,630 INFO o.a.j.t.JMeterThread: Thread started: Test Member Java 1-2
2026-07-14 21:37:39,662 INFO o.a.j.t.JMeterThread: Thread started: Test Member Java 1-3
2026-07-14 21:37:39,692 INFO o.a.j.t.JMeterThread: Thread started: Test Member Java 1-4
2026-07-14 21:37:39,724 INFO o.a.j.t.JMeterThread: Thread started: Test Member Java 1-5
2026-07-14 21:37:39,744 INFO o.a.j.t.JMeterThread: Thread started: Test Member Java 1-6
2026-07-14 21:37:39,766 INFO o.a.j.t.JMeterThread: Thread started: Test Member Java 1-7
2026-07-14 21:37:39,788 INFO o.a.j.t.JMeterThread: Thread started: Test Member Java 1-8
2026-07-14 21:37:39,807 INFO o.a.j.t.JMeterThread: Thread started: Test Member Java 1-9
2026-07-14 21:37:39,827 INFO o.a.j.t.JMeterThread: Thread started: Test Member Java 1-10
2026-07-14 21:37:39,848 INFO o.a.j.t.JMeterThread: Thread started: Test Member Java 1-11
2026-07-14 21:37:39,867 INFO o.a.j.t.JMeterThread: Thread started: Test Member Java 1-12
2026-07-14 21:37:39,890 INFO o.a.j.t.JMeterThread: Thread started: Test Member Java 1-13
2026-07-14 21:37:39,908 INFO o.a.j.t.JMeterThread: Thread started: Test Member Java 1-14
2026-07-14 21:37:39,931 INFO o.a.j.t.JMeterThread: Thread started: Test Member Java 1-15
2026-07-14 21:37:39,948 INFO o.a.j.t.JMeterThread: Thread started: Test Member Java 1-16
2026-07-14 21:37:39,969 INFO o.a.j.t.JMeterThread: Thread started: Test Member Java 1-17
2026-07-14 21:37:39,990 INFO o.a.j.t.JMeterThread: Thread started: Test Member Java 1-18
2026-07-14 21:37:40,010 INFO o.a.j.t.JMeterThread: Thread started: Test Member Java 1-19
2026-07-14 21:37:40,030 INFO o.a.j.t.JMeterThread: Thread started: Test Member Java 1-20
2026-07-14 21:37:40,050 INFO o.a.j.t.JMeterThread: Thread started: Test Member Java 1-21
2026-07-14 21:37:40,070 INFO o.a.j.t.JMeterThread: Thread started: Test Member Java 1-22
2026-07-14 21:37:40,090 INFO o.a.j.t.JMeterThread: Thread started: Test Member Java 1-23
2026-07-14 21:37:40,109 INFO o.a.j.t.JMeterThread: Thread started: Test Member Java 1-24
2026-07-14 21:37:40,131 INFO o.a.j.t.JMeterThread: Thread started: Test Member Java 1-25
2026-07-14 21:37:40,151 INFO o.a.j.t.JMeterThread: Thread started: Test Member Java 1-26
2026-07-14 21:37:40,172 INFO o.a.j.t.JMeterThread: Thread started: Test Member Java 1-27
2026-07-14 21:37:40,191 INFO o.a.j.t.JMeterThread: Thread started: Test Member Java 1-28
2026-07-14 21:37:40,210 INFO o.a.j.t.JMeterThread: Thread started: Test Member Java 1-29
2026-07-14 21:37:40,232 INFO o.a.j.t.JMeterThread: Thread started: Test Member Java 1-30
2026-07-14 21:37:40,249 INFO o.a.j.t.JMeterThread: Thread started: Test Member Java 1-31
2026-07-14 21:37:40,269 INFO o.a.j.t.JMeterThread: Thread started: Test Member Java 1-32
2026-07-14 21:37:40,287 INFO o.a.j.t.JMeterThread: Thread started: Test Member Java 1-33
2026-07-14 21:37:40,304 INFO o.a.j.t.JMeterThread: Thread started: Test Member Java 1-34
2026-07-14 21:37:40,325 INFO o.a.j.t.JMeterThread: Thread started: Test Member Java 1-35
2026-07-14 21:37:40,344 INFO o.a.j.t.JMeterThread: Thread started: Test Member Java 1-36
2026-07-14 21:37:40,363 INFO o.a.j.t.JMeterThread: Thread started: Test Member Java 1-37
2026-07-14 21:37:40,383 INFO o.a.j.t.JMeterThread: Thread started: Test Member Java 1-38
2026-07-14 21:37:40,403 INFO o.a.j.t.JMeterThread: Thread started: Test Member Java 1-39
2026-07-14 21:37:40,422 INFO o.a.j.t.JMeterThread: Thread started: Test Member Java 1-40
2026-07-14 21:37:40,440 INFO o.a.j.t.JMeterThread: Thread started: Test Member Java 1-41
2026-07-14 21:37:40,458 INFO o.a.j.t.JMeterThread: Thread started: Test Member Java 1-42
2026-07-14 21:37:40,477 INFO o.a.j.t.JMeterThread: Thread started: Test Member Java 1-43
2026-07-14 21:37:40,498 INFO o.a.j.t.JMeterThread: Thread started: Test Member Java 1-44
2026-07-14 21:37:40,515 INFO o.a.j.t.JMeterThread: Thread started: Test Member Java 1-45
2026-07-14 21:37:40,532 INFO o.a.j.t.JMeterThread: Thread started: Test Member Java 1-46
2026-07-14 21:37:40,552 INFO o.a.j.t.JMeterThread: Thread started: Test Member Java 1-47
2026-07-14 21:37:40,568 INFO o.a.j.t.JMeterThread: Thread started: Test Member Java 1-48
2026-07-14 21:37:40,584 INFO o.a.j.t.JMeterThread: Thread started: Test Member Java 1-49
2026-07-14 21:37:40,601 INFO o.a.j.t.JMeterThread: Thread started: Test Member Java 1-50
2026-07-14 21:38:58,281 INFO o.a.j.g.a.Start: Shutting test down
2026-07-14 21:38:58,290 INFO o.a.j.t.JMeterThread: Stopping: Test Member Java 1-18
2026-07-14 21:38:58,290 INFO o.a.j.t.JMeterThread: Stopping: Test Member Java 1-30
2026-07-14 21:38:58,290 INFO o.a.j.t.JMeterThread: Stopping: Test Member Java 1-33
2026-07-14 21:38:58,290 INFO o.a.j.t.JMeterThread: Stopping: Test Member Java 1-41
2026-07-14 21:38:58,290 INFO o.a.j.t.JMeterThread: Stopping: Test Member Java 1-43
2026-07-14 21:38:58,290 INFO o.a.j.t.JMeterThread: Stopping: Test Member Java 1-37
2026-07-14 21:38:58,290 INFO o.a.j.t.JMeterThread: Stopping: Test Member Java 1-44
2026-07-14 21:38:58,290 INFO o.a.j.t.JMeterThread: Stopping: Test Member Java 1-7
2026-07-14 21:38:58,290 INFO o.a.j.t.JMeterThread: Stopping: Test Member Java 1-19
2026-07-14 21:38:58,290 INFO o.a.j.t.JMeterThread: Stopping: Test Member Java 1-17
2026-07-14 21:38:58,290 INFO o.a.j.t.JMeterThread: Stopping: Test Member Java 1-27
2026-07-14 21:38:58,290 INFO o.a.j.t.JMeterThread: Stopping: Test Member Java 1-13
2026-07-14 21:38:58,290 INFO o.a.j.t.JMeterThread: Stopping: Test Member Java 1-1
2026-07-14 21:38:58,290 INFO o.a.j.t.JMeterThread: Stopping: Test Member Java 1-34
2026-07-14 21:38:58,290 INFO o.a.j.t.JMeterThread: Stopping: Test Member Java 1-24
2026-07-14 21:38:58,290 INFO o.a.j.t.JMeterThread: Stopping: Test Member Java 1-4
2026-07-14 21:38:58,290 INFO o.a.j.t.JMeterThread: Stopping: Test Member Java 1-29
2026-07-14 21:38:58,290 INFO o.a.j.t.JMeterThread: Stopping: Test Member Java 1-8
2026-07-14 21:38:58,290 INFO o.a.j.t.JMeterThread: Stopping: Test Member Java 1-42
2026-07-14 21:38:58,290 INFO o.a.j.t.JMeterThread: Stopping: Test Member Java 1-35
2026-07-14 21:38:58,290 INFO o.a.j.t.JMeterThread: Stopping: Test Member Java 1-50
2026-07-14 21:38:58,290 INFO o.a.j.t.JMeterThread: Stopping: Test Member Java 1-6
2026-07-14 21:38:58,290 INFO o.a.j.t.JMeterThread: Stopping: Test Member Java 1-16
2026-07-14 21:38:58,290 INFO o.a.j.t.JMeterThread: Stopping: Test Member Java 1-26
2026-07-14 21:38:58,290 INFO o.a.j.t.JMeterThread: Stopping: Test Member Java 1-39
2026-07-14 21:38:58,290 INFO o.a.j.t.JMeterThread: Stopping: Test Member Java 1-40
2026-07-14 21:38:58,290 INFO o.a.j.t.JMeterThread: Stopping: Test Member Java 1-25
2026-07-14 21:38:58,290 INFO o.a.j.t.JMeterThread: Stopping: Test Member Java 1-47
2026-07-14 21:38:58,290 INFO o.a.j.t.JMeterThread: Stopping: Test Member Java 1-14
2026-07-14 21:38:58,290 INFO o.a.j.t.JMeterThread: Stopping: Test Member Java 1-10
2026-07-14 21:38:58,290 INFO o.a.j.t.JMeterThread: Stopping: Test Member Java 1-21
2026-07-14 21:38:58,290 INFO o.a.j.t.JMeterThread: Stopping: Test Member Java 1-3
2026-07-14 21:38:58,290 INFO o.a.j.t.JMeterThread: Stopping: Test Member Java 1-12
2026-07-14 21:38:58,290 INFO o.a.j.t.JMeterThread: Stopping: Test Member Java 1-45
2026-07-14 21:38:58,290 INFO o.a.j.t.JMeterThread: Stopping: Test Member Java 1-15
2026-07-14 21:38:58,290 INFO o.a.j.t.JMeterThread: Stopping: Test Member Java 1-11
2026-07-14 21:38:58,290 INFO o.a.j.t.JMeterThread: Stopping: Test Member Java 1-20
2026-07-14 21:38:58,290 INFO o.a.j.t.JMeterThread: Stopping: Test Member Java 1-31
2026-07-14 21:38:58,290 INFO o.a.j.t.JMeterThread: Stopping: Test Member Java 1-46
2026-07-14 21:38:58,290 INFO o.a.j.t.JMeterThread: Stopping: Test Member Java 1-48
2026-07-14 21:38:58,290 INFO o.a.j.t.JMeterThread: Stopping: Test Member Java 1-32
2026-07-14 21:38:58,290 INFO o.a.j.t.JMeterThread: Stopping: Test Member Java 1-23
2026-07-14 21:38:58,290 INFO o.a.j.t.JMeterThread: Stopping: Test Member Java 1-5
2026-07-14 21:38:58,290 INFO o.a.j.t.JMeterThread: Stopping: Test Member Java 1-38
2026-07-14 21:38:58,290 INFO o.a.j.t.JMeterThread: Stopping: Test Member Java 1-36
2026-07-14 21:38:58,290 INFO o.a.j.t.JMeterThread: Stopping: Test Member Java 1-49
2026-07-14 21:38:58,290 INFO o.a.j.t.JMeterThread: Stopping: Test Member Java 1-22
2026-07-14 21:38:58,290 INFO o.a.j.t.JMeterThread: Stopping: Test Member Java 1-9
2026-07-14 21:38:58,290 INFO o.a.j.t.JMeterThread: Stopping: Test Member Java 1-28
2026-07-14 21:38:58,290 INFO o.a.j.t.JMeterThread: Stopping: Test Member Java 1-2
2026-07-14 21:38:58,292 INFO o.a.j.t.JMeterThread: Thread finished: Test Member Java 1-50
2026-07-14 21:38:58,294 INFO o.a.j.t.JMeterThread: Thread finished: Test Member Java 1-20
2026-07-14 21:38:58,294 INFO o.a.j.t.JMeterThread: Thread finished: Test Member Java 1-10
2026-07-14 21:38:58,294 INFO o.a.j.t.JMeterThread: Thread finished: Test Member Java 1-15
2026-07-14 21:38:58,294 INFO o.a.j.t.JMeterThread: Thread finished: Test Member Java 1-32
2026-07-14 21:38:58,294 INFO o.a.j.t.JMeterThread: Thread finished: Test Member Java 1-11
2026-07-14 21:38:58,294 INFO o.a.j.t.JMeterThread: Thread finished: Test Member Java 1-1
2026-07-14 21:38:58,294 INFO o.a.j.t.JMeterThread: Thread finished: Test Member Java 1-36
2026-07-14 21:38:58,294 INFO o.a.j.t.JMeterThread: Thread finished: Test Member Java 1-42
2026-07-14 21:38:58,294 INFO o.a.j.t.JMeterThread: Thread finished: Test Member Java 1-47
2026-07-14 21:38:58,294 INFO o.a.j.t.JMeterThread: Thread finished: Test Member Java 1-12
2026-07-14 21:38:58,295 INFO o.a.j.t.JMeterThread: Thread finished: Test Member Java 1-4
2026-07-14 21:38:58,295 INFO o.a.j.t.JMeterThread: Thread finished: Test Member Java 1-7
2026-07-14 21:38:58,295 INFO o.a.j.t.JMeterThread: Thread finished: Test Member Java 1-35
2026-07-14 21:38:58,295 INFO o.a.j.t.JMeterThread: Thread finished: Test Member Java 1-25
2026-07-14 21:38:58,295 INFO o.a.j.t.JMeterThread: Thread finished: Test Member Java 1-43
2026-07-14 21:38:58,295 INFO o.a.j.t.JMeterThread: Thread finished: Test Member Java 1-22
2026-07-14 21:38:58,295 INFO o.a.j.t.JMeterThread: Thread finished: Test Member Java 1-44
2026-07-14 21:38:58,295 INFO o.a.j.t.JMeterThread: Thread finished: Test Member Java 1-19
2026-07-14 21:38:58,295 INFO o.a.j.t.JMeterThread: Thread finished: Test Member Java 1-27
2026-07-14 21:38:58,295 INFO o.a.j.t.JMeterThread: Thread finished: Test Member Java 1-24
2026-07-14 21:38:58,296 INFO o.a.j.t.JMeterThread: Thread finished: Test Member Java 1-39
2026-07-14 21:38:58,296 INFO o.a.j.t.JMeterThread: Thread finished: Test Member Java 1-48
2026-07-14 21:38:58,296 INFO o.a.j.t.JMeterThread: Thread finished: Test Member Java 1-34
2026-07-14 21:38:58,296 INFO o.a.j.t.JMeterThread: Thread finished: Test Member Java 1-16
2026-07-14 21:38:58,296 INFO o.a.j.t.JMeterThread: Thread finished: Test Member Java 1-3
2026-07-14 21:38:58,296 INFO o.a.j.t.JMeterThread: Thread finished: Test Member Java 1-38
2026-07-14 21:38:58,297 INFO o.a.j.t.JMeterThread: Thread finished: Test Member Java 1-37
2026-07-14 21:38:58,297 INFO o.a.j.t.JMeterThread: Thread finished: Test Member Java 1-46
2026-07-14 21:38:58,297 INFO o.a.j.t.JMeterThread: Thread finished: Test Member Java 1-41
2026-07-14 21:38:58,297 INFO o.a.j.t.JMeterThread: Thread finished: Test Member Java 1-31
2026-07-14 21:38:58,297 INFO o.a.j.t.JMeterThread: Thread finished: Test Member Java 1-23
2026-07-14 21:38:58,298 INFO o.a.j.t.JMeterThread: Thread finished: Test Member Java 1-6
2026-07-14 21:38:58,298 INFO o.a.j.t.JMeterThread: Thread finished: Test Member Java 1-18
2026-07-14 21:38:58,298 INFO o.a.j.t.JMeterThread: Thread finished: Test Member Java 1-14
2026-07-14 21:38:58,298 INFO o.a.j.t.JMeterThread: Thread finished: Test Member Java 1-30
2026-07-14 21:38:58,298 INFO o.a.j.t.JMeterThread: Thread finished: Test Member Java 1-2
2026-07-14 21:38:58,298 INFO o.a.j.t.JMeterThread: Thread finished: Test Member Java 1-21
2026-07-14 21:38:58,298 INFO o.a.j.t.JMeterThread: Thread finished: Test Member Java 1-26
2026-07-14 21:38:58,298 INFO o.a.j.t.JMeterThread: Thread finished: Test Member Java 1-28
2026-07-14 21:38:58,300 INFO o.a.j.t.JMeterThread: Thread finished: Test Member Java 1-45
2026-07-14 21:38:58,300 INFO o.a.j.t.JMeterThread: Thread finished: Test Member Java 1-49
2026-07-14 21:38:58,300 INFO o.a.j.t.JMeterThread: Thread finished: Test Member Java 1-17
2026-07-14 21:38:58,300 INFO o.a.j.t.JMeterThread: Thread finished: Test Member Java 1-29
2026-07-14 21:38:58,300 INFO o.a.j.t.JMeterThread: Thread finished: Test Member Java 1-9
2026-07-14 21:38:58,300 INFO o.a.j.t.JMeterThread: Thread finished: Test Member Java 1-13
2026-07-14 21:38:58,300 INFO o.a.j.t.JMeterThread: Thread finished: Test Member Java 1-5
2026-07-14 21:38:58,300 INFO o.a.j.t.JMeterThread: Thread finished: Test Member Java 1-33
2026-07-14 21:38:58,300 INFO o.a.j.t.JMeterThread: Thread finished: Test Member Java 1-40
2026-07-14 21:38:58,300 INFO o.a.j.t.JMeterThread: Thread finished: Test Member Java 1-8
2026-07-14 21:38:58,300 INFO o.a.j.e.StandardJMeterEngine: Notifying test listeners of end of test
2026-07-14 21:38:58,300 INFO o.a.j.g.u.JMeterMenuBar: setRunning(false, *local*)
2026-07-14 21:39:43,700 INFO o.a.j.e.StandardJMeterEngine: Running the test!
2026-07-14 21:39:43,701 INFO o.a.j.s.SampleEvent: List of sample_variables: []
2026-07-14 21:39:43,701 INFO o.a.j.g.u.JMeterMenuBar: setRunning(true, *local*)
2026-07-14 21:39:43,729 INFO o.a.j.e.StandardJMeterEngine: Starting ThreadGroup: 1 : Test Member Java
2026-07-14 21:39:43,729 INFO o.a.j.e.StandardJMeterEngine: Starting 100 threads for group Test Member Java.
2026-07-14 21:39:43,729 INFO o.a.j.e.StandardJMeterEngine: Thread will continue on error
2026-07-14 21:39:43,729 INFO o.a.j.t.ThreadGroup: Starting thread group... number=1 threads=100 ramp-up=10 delayedStart=true
2026-07-14 21:39:43,729 INFO o.a.j.t.ThreadGroup: Started thread group number 1
2026-07-14 21:39:43,729 INFO o.a.j.e.StandardJMeterEngine: All thread groups have been started
2026-07-14 21:39:43,730 INFO o.a.j.t.JMeterThread: Thread started: Test Member Java 1-1
2026-07-14 21:39:43,745 INFO o.a.j.t.JMeterThread: Thread is done: Test Member Java 1-1
2026-07-14 21:39:43,746 INFO o.a.j.t.JMeterThread: Thread finished: Test Member Java 1-1
2026-07-14 21:39:43,832 INFO o.a.j.t.JMeterThread: Thread started: Test Member Java 1-2
2026-07-14 21:39:43,875 INFO o.a.j.t.JMeterThread: Thread is done: Test Member Java 1-2
2026-07-14 21:39:43,875 INFO o.a.j.t.JMeterThread: Thread finished: Test Member Java 1-2
2026-07-14 21:39:43,933 INFO o.a.j.t.JMeterThread: Thread started: Test Member Java 1-3
2026-07-14 21:39:43,948 INFO o.a.j.t.JMeterThread: Thread is done: Test Member Java 1-3
2026-07-14 21:39:43,948 INFO o.a.j.t.JMeterThread: Thread finished: Test Member Java 1-3
2026-07-14 21:39:44,036 INFO o.a.j.t.JMeterThread: Thread started: Test Member Java 1-4
2026-07-14 21:39:44,050 INFO o.a.j.t.JMeterThread: Thread is done: Test Member Java 1-4
2026-07-14 21:39:44,050 INFO o.a.j.t.JMeterThread: Thread finished: Test Member Java 1-4
2026-07-14 21:39:44,139 INFO o.a.j.t.JMeterThread: Thread started: Test Member Java 1-5
2026-07-14 21:39:44,162 INFO o.a.j.t.JMeterThread: Thread is done: Test Member Java 1-5
2026-07-14 21:39:44,162 INFO o.a.j.t.JMeterThread: Thread finished: Test Member Java 1-5
2026-07-14 21:39:44,241 INFO o.a.j.t.JMeterThread: Thread started: Test Member Java 1-6
2026-07-14 21:39:44,271 INFO o.a.j.t.JMeterThread: Thread is done: Test Member Java 1-6
2026-07-14 21:39:44,271 INFO o.a.j.t.JMeterThread: Thread finished: Test Member Java 1-6
2026-07-14 21:39:44,345 INFO o.a.j.t.JMeterThread: Thread started: Test Member Java 1-7
2026-07-14 21:39:44,361 INFO o.a.j.t.JMeterThread: Thread is done: Test Member Java 1-7
2026-07-14 21:39:44,361 INFO o.a.j.t.JMeterThread: Thread finished: Test Member Java 1-7
2026-07-14 21:39:44,447 INFO o.a.j.t.JMeterThread: Thread started: Test Member Java 1-8
2026-07-14 21:39:44,470 INFO o.a.j.t.JMeterThread: Thread is done: Test Member Java 1-8
2026-07-14 21:39:44,470 INFO o.a.j.t.JMeterThread: Thread finished: Test Member Java 1-8
2026-07-14 21:39:44,549 INFO o.a.j.t.JMeterThread: Thread started: Test Member Java 1-9
2026-07-14 21:39:44,579 INFO o.a.j.t.JMeterThread: Thread is done: Test Member Java 1-9
2026-07-14 21:39:44,579 INFO o.a.j.t.JMeterThread: Thread finished: Test Member Java 1-9
2026-07-14 21:39:44,651 INFO o.a.j.t.JMeterThread: Thread started: Test Member Java 1-10
2026-07-14 21:39:44,674 INFO o.a.j.t.JMeterThread: Thread is done: Test Member Java 1-10
2026-07-14 21:39:44,674 INFO o.a.j.t.JMeterThread: Thread finished: Test Member Java 1-10
2026-07-14 21:39:44,753 INFO o.a.j.t.JMeterThread: Thread started: Test Member Java 1-11
2026-07-14 21:39:44,785 INFO o.a.j.t.JMeterThread: Thread is done: Test Member Java 1-11
2026-07-14 21:39:44,785 INFO o.a.j.t.JMeterThread: Thread finished: Test Member Java 1-11
2026-07-14 21:39:44,856 INFO o.a.j.t.JMeterThread: Thread started: Test Member Java 1-12
2026-07-14 21:39:44,874 INFO o.a.j.t.JMeterThread: Thread is done: Test Member Java 1-12
2026-07-14 21:39:44,874 INFO o.a.j.t.JMeterThread: Thread finished: Test Member Java 1-12
2026-07-14 21:39:44,958 INFO o.a.j.t.JMeterThread: Thread started: Test Member Java 1-13
2026-07-14 21:39:44,983 INFO o.a.j.t.JMeterThread: Thread is done: Test Member Java 1-13
2026-07-14 21:39:44,983 INFO o.a.j.t.JMeterThread: Thread finished: Test Member Java 1-13
2026-07-14 21:39:45,060 INFO o.a.j.t.JMeterThread: Thread started: Test Member Java 1-14
2026-07-14 21:39:45,085 INFO o.a.j.t.JMeterThread: Thread is done: Test Member Java 1-14
2026-07-14 21:39:45,085 INFO o.a.j.t.JMeterThread: Thread finished: Test Member Java 1-14
2026-07-14 21:39:45,162 INFO o.a.j.t.JMeterThread: Thread started: Test Member Java 1-15
2026-07-14 21:39:45,184 INFO o.a.j.t.JMeterThread: Thread is done: Test Member Java 1-15
2026-07-14 21:39:45,184 INFO o.a.j.t.JMeterThread: Thread finished: Test Member Java 1-15
2026-07-14 21:39:45,263 INFO o.a.j.t.JMeterThread: Thread started: Test Member Java 1-16
2026-07-14 21:39:45,281 INFO o.a.j.t.JMeterThread: Thread is done: Test Member Java 1-16
2026-07-14 21:39:45,281 INFO o.a.j.t.JMeterThread: Thread finished: Test Member Java 1-16
2026-07-14 21:39:45,366 INFO o.a.j.t.JMeterThread: Thread started: Test Member Java 1-17
2026-07-14 21:39:45,384 INFO o.a.j.t.JMeterThread: Thread is done: Test Member Java 1-17
2026-07-14 21:39:45,384 INFO o.a.j.t.JMeterThread: Thread finished: Test Member Java 1-17
2026-07-14 21:39:45,469 INFO o.a.j.t.JMeterThread: Thread started: Test Member Java 1-18
2026-07-14 21:39:45,493 INFO o.a.j.t.JMeterThread: Thread is done: Test Member Java 1-18
2026-07-14 21:39:45,493 INFO o.a.j.t.JMeterThread: Thread finished: Test Member Java 1-18
2026-07-14 21:39:45,593 INFO o.a.j.t.JMeterThread: Thread started: Test Member Java 1-19
2026-07-14 21:39:45,602 INFO o.a.j.t.JMeterThread: Thread is done: Test Member Java 1-19
2026-07-14 21:39:45,603 INFO o.a.j.t.JMeterThread: Thread finished: Test Member Java 1-19
2026-07-14 21:39:45,697 INFO o.a.j.t.JMeterThread: Thread started: Test Member Java 1-20
2026-07-14 21:39:45,718 INFO o.a.j.t.JMeterThread: Thread is done: Test Member Java 1-20
2026-07-14 21:39:45,718 INFO o.a.j.t.JMeterThread: Thread finished: Test Member Java 1-20
2026-07-14 21:39:45,805 INFO o.a.j.t.JMeterThread: Thread started: Test Member Java 1-21
2026-07-14 21:39:45,822 INFO o.a.j.t.JMeterThread: Thread is done: Test Member Java 1-21
2026-07-14 21:39:45,822 INFO o.a.j.t.JMeterThread: Thread finished: Test Member Java 1-21
2026-07-14 21:39:45,916 INFO o.a.j.t.JMeterThread: Thread started: Test Member Java 1-22
2026-07-14 21:39:45,936 INFO o.a.j.t.JMeterThread: Thread is done: Test Member Java 1-22
2026-07-14 21:39:45,936 INFO o.a.j.t.JMeterThread: Thread finished: Test Member Java 1-22
2026-07-14 21:39:46,023 INFO o.a.j.t.JMeterThread: Thread started: Test Member Java 1-23
2026-07-14 21:39:46,039 INFO o.a.j.t.JMeterThread: Thread is done: Test Member Java 1-23
2026-07-14 21:39:46,039 INFO o.a.j.t.JMeterThread: Thread finished: Test Member Java 1-23
2026-07-14 21:39:46,133 INFO o.a.j.t.JMeterThread: Thread started: Test Member Java 1-24
2026-07-14 21:39:46,153 INFO o.a.j.t.JMeterThread: Thread is done: Test Member Java 1-24
2026-07-14 21:39:46,154 INFO o.a.j.t.JMeterThread: Thread finished: Test Member Java 1-24
2026-07-14 21:39:46,242 INFO o.a.j.t.JMeterThread: Thread started: Test Member Java 1-25
2026-07-14 21:39:46,261 INFO o.a.j.t.JMeterThread: Thread is done: Test Member Java 1-25
2026-07-14 21:39:46,261 INFO o.a.j.t.JMeterThread: Thread finished: Test Member Java 1-25
2026-07-14 21:39:46,351 INFO o.a.j.t.JMeterThread: Thread started: Test Member Java 1-26
2026-07-14 21:39:46,381 INFO o.a.j.t.JMeterThread: Thread is done: Test Member Java 1-26
2026-07-14 21:39:46,381 INFO o.a.j.t.JMeterThread: Thread finished: Test Member Java 1-26
2026-07-14 21:39:46,459 INFO o.a.j.t.JMeterThread: Thread started: Test Member Java 1-27
2026-07-14 21:39:46,478 INFO o.a.j.t.JMeterThread: Thread is done: Test Member Java 1-27
2026-07-14 21:39:46,478 INFO o.a.j.t.JMeterThread: Thread finished: Test Member Java 1-27
2026-07-14 21:39:46,568 INFO o.a.j.t.JMeterThread: Thread started: Test Member Java 1-28
2026-07-14 21:39:46,588 INFO o.a.j.t.JMeterThread: Thread is done: Test Member Java 1-28
2026-07-14 21:39:46,588 INFO o.a.j.t.JMeterThread: Thread finished: Test Member Java 1-28
2026-07-14 21:39:46,670 INFO o.a.j.t.JMeterThread: Thread started: Test Member Java 1-29
2026-07-14 21:39:46,687 INFO o.a.j.t.JMeterThread: Thread is done: Test Member Java 1-29
2026-07-14 21:39:46,688 INFO o.a.j.t.JMeterThread: Thread finished: Test Member Java 1-29
2026-07-14 21:39:46,771 INFO o.a.j.t.JMeterThread: Thread started: Test Member Java 1-30
2026-07-14 21:39:46,803 INFO o.a.j.t.JMeterThread: Thread is done: Test Member Java 1-30
2026-07-14 21:39:46,803 INFO o.a.j.t.JMeterThread: Thread finished: Test Member Java 1-30
2026-07-14 21:39:46,870 INFO o.a.j.t.JMeterThread: Thread started: Test Member Java 1-31
2026-07-14 21:39:46,888 INFO o.a.j.t.JMeterThread: Thread is done: Test Member Java 1-31
2026-07-14 21:39:46,888 INFO o.a.j.t.JMeterThread: Thread finished: Test Member Java 1-31
2026-07-14 21:39:46,971 INFO o.a.j.t.JMeterThread: Thread started: Test Member Java 1-32
2026-07-14 21:39:46,999 INFO o.a.j.t.JMeterThread: Thread is done: Test Member Java 1-32
2026-07-14 21:39:46,999 INFO o.a.j.t.JMeterThread: Thread finished: Test Member Java 1-32
2026-07-14 21:39:47,071 INFO o.a.j.t.JMeterThread: Thread started: Test Member Java 1-33
2026-07-14 21:39:47,103 INFO o.a.j.t.JMeterThread: Thread is done: Test Member Java 1-33
2026-07-14 21:39:47,103 INFO o.a.j.t.JMeterThread: Thread finished: Test Member Java 1-33
2026-07-14 21:39:47,171 INFO o.a.j.t.JMeterThread: Thread started: Test Member Java 1-34
2026-07-14 21:39:47,199 INFO o.a.j.t.JMeterThread: Thread is done: Test Member Java 1-34
2026-07-14 21:39:47,199 INFO o.a.j.t.JMeterThread: Thread finished: Test Member Java 1-34
2026-07-14 21:39:47,272 INFO o.a.j.t.JMeterThread: Thread started: Test Member Java 1-35
2026-07-14 21:39:47,310 INFO o.a.j.t.JMeterThread: Thread is done: Test Member Java 1-35
2026-07-14 21:39:47,311 INFO o.a.j.t.JMeterThread: Thread finished: Test Member Java 1-35
2026-07-14 21:39:47,371 INFO o.a.j.t.JMeterThread: Thread started: Test Member Java 1-36
2026-07-14 21:39:47,388 INFO o.a.j.t.JMeterThread: Thread is done: Test Member Java 1-36
2026-07-14 21:39:47,388 INFO o.a.j.t.JMeterThread: Thread finished: Test Member Java 1-36
2026-07-14 21:39:47,471 INFO o.a.j.t.JMeterThread: Thread started: Test Member Java 1-37
2026-07-14 21:39:47,495 INFO o.a.j.t.JMeterThread: Thread is done: Test Member Java 1-37
2026-07-14 21:39:47,495 INFO o.a.j.t.JMeterThread: Thread finished: Test Member Java 1-37
2026-07-14 21:39:47,587 INFO o.a.j.t.JMeterThread: Thread started: Test Member Java 1-38
2026-07-14 21:39:47,600 INFO o.a.j.t.JMeterThread: Thread is done: Test Member Java 1-38
2026-07-14 21:39:47,600 INFO o.a.j.t.JMeterThread: Thread finished: Test Member Java 1-38
2026-07-14 21:39:47,687 INFO o.a.j.t.JMeterThread: Thread started: Test Member Java 1-39
2026-07-14 21:39:47,710 INFO o.a.j.t.JMeterThread: Thread is done: Test Member Java 1-39
2026-07-14 21:39:47,711 INFO o.a.j.t.JMeterThread: Thread finished: Test Member Java 1-39
2026-07-14 21:39:47,788 INFO o.a.j.t.JMeterThread: Thread started: Test Member Java 1-40
2026-07-14 21:39:47,810 INFO o.a.j.t.JMeterThread: Thread is done: Test Member Java 1-40
2026-07-14 21:39:47,811 INFO o.a.j.t.JMeterThread: Thread finished: Test Member Java 1-40
2026-07-14 21:39:47,887 INFO o.a.j.t.JMeterThread: Thread started: Test Member Java 1-41
2026-07-14 21:39:47,902 INFO o.a.j.t.JMeterThread: Thread is done: Test Member Java 1-41
2026-07-14 21:39:47,902 INFO o.a.j.t.JMeterThread: Thread finished: Test Member Java 1-41
2026-07-14 21:39:47,987 INFO o.a.j.t.JMeterThread: Thread started: Test Member Java 1-42
2026-07-14 21:39:48,009 INFO o.a.j.t.JMeterThread: Thread is done: Test Member Java 1-42
2026-07-14 21:39:48,010 INFO o.a.j.t.JMeterThread: Thread finished: Test Member Java 1-42
2026-07-14 21:39:48,088 INFO o.a.j.t.JMeterThread: Thread started: Test Member Java 1-43
2026-07-14 21:39:48,119 INFO o.a.j.t.JMeterThread: Thread is done: Test Member Java 1-43
2026-07-14 21:39:48,119 INFO o.a.j.t.JMeterThread: Thread finished: Test Member Java 1-43
2026-07-14 21:39:48,189 INFO o.a.j.t.JMeterThread: Thread started: Test Member Java 1-44
2026-07-14 21:39:48,218 INFO o.a.j.t.JMeterThread: Thread is done: Test Member Java 1-44
2026-07-14 21:39:48,218 INFO o.a.j.t.JMeterThread: Thread finished: Test Member Java 1-44
2026-07-14 21:39:48,287 INFO o.a.j.t.JMeterThread: Thread started: Test Member Java 1-45
2026-07-14 21:39:48,313 INFO o.a.j.t.JMeterThread: Thread is done: Test Member Java 1-45
2026-07-14 21:39:48,314 INFO o.a.j.t.JMeterThread: Thread finished: Test Member Java 1-45
2026-07-14 21:39:48,389 INFO o.a.j.t.JMeterThread: Thread started: Test Member Java 1-46
2026-07-14 21:39:48,410 INFO o.a.j.t.JMeterThread: Thread is done: Test Member Java 1-46
2026-07-14 21:39:48,410 INFO o.a.j.t.JMeterThread: Thread finished: Test Member Java 1-46
2026-07-14 21:39:48,488 INFO o.a.j.t.JMeterThread: Thread started: Test Member Java 1-47
2026-07-14 21:39:48,511 INFO o.a.j.t.JMeterThread: Thread is done: Test Member Java 1-47
2026-07-14 21:39:48,511 INFO o.a.j.t.JMeterThread: Thread finished: Test Member Java 1-47
2026-07-14 21:39:48,588 INFO o.a.j.t.JMeterThread: Thread started: Test Member Java 1-48
2026-07-14 21:39:48,615 INFO o.a.j.t.JMeterThread: Thread is done: Test Member Java 1-48
2026-07-14 21:39:48,615 INFO o.a.j.t.JMeterThread: Thread finished: Test Member Java 1-48
2026-07-14 21:39:48,688 INFO o.a.j.t.JMeterThread: Thread started: Test Member Java 1-49
2026-07-14 21:39:48,716 INFO o.a.j.t.JMeterThread: Thread is done: Test Member Java 1-49
2026-07-14 21:39:48,716 INFO o.a.j.t.JMeterThread: Thread finished: Test Member Java 1-49
2026-07-14 21:39:48,790 INFO o.a.j.t.JMeterThread: Thread started: Test Member Java 1-50
2026-07-14 21:39:48,816 INFO o.a.j.t.JMeterThread: Thread is done: Test Member Java 1-50
2026-07-14 21:39:48,816 INFO o.a.j.t.JMeterThread: Thread finished: Test Member Java 1-50
2026-07-14 21:39:48,891 INFO o.a.j.t.JMeterThread: Thread started: Test Member Java 1-51
2026-07-14 21:39:48,912 INFO o.a.j.t.JMeterThread: Thread is done: Test Member Java 1-51
2026-07-14 21:39:48,912 INFO o.a.j.t.JMeterThread: Thread finished: Test Member Java 1-51
2026-07-14 21:39:48,991 INFO o.a.j.t.JMeterThread: Thread started: Test Member Java 1-52
2026-07-14 21:39:49,021 INFO o.a.j.t.JMeterThread: Thread is done: Test Member Java 1-52
2026-07-14 21:39:49,021 INFO o.a.j.t.JMeterThread: Thread finished: Test Member Java 1-52
2026-07-14 21:39:49,091 INFO o.a.j.t.JMeterThread: Thread started: Test Member Java 1-53
2026-07-14 21:39:49,118 INFO o.a.j.t.JMeterThread: Thread is done: Test Member Java 1-53
2026-07-14 21:39:49,118 INFO o.a.j.t.JMeterThread: Thread finished: Test Member Java 1-53
2026-07-14 21:39:49,192 INFO o.a.j.t.JMeterThread: Thread started: Test Member Java 1-54
2026-07-14 21:39:49,225 INFO o.a.j.t.JMeterThread: Thread is done: Test Member Java 1-54
2026-07-14 21:39:49,226 INFO o.a.j.t.JMeterThread: Thread finished: Test Member Java 1-54
2026-07-14 21:39:49,291 INFO o.a.j.t.JMeterThread: Thread started: Test Member Java 1-55
2026-07-14 21:39:49,321 INFO o.a.j.t.JMeterThread: Thread is done: Test Member Java 1-55
2026-07-14 21:39:49,321 INFO o.a.j.t.JMeterThread: Thread finished: Test Member Java 1-55
2026-07-14 21:39:49,393 INFO o.a.j.t.JMeterThread: Thread started: Test Member Java 1-56
2026-07-14 21:39:49,419 INFO o.a.j.t.JMeterThread: Thread is done: Test Member Java 1-56
2026-07-14 21:39:49,419 INFO o.a.j.t.JMeterThread: Thread finished: Test Member Java 1-56
2026-07-14 21:39:49,493 INFO o.a.j.t.JMeterThread: Thread started: Test Member Java 1-57
2026-07-14 21:39:49,519 INFO o.a.j.t.JMeterThread: Thread is done: Test Member Java 1-57
2026-07-14 21:39:49,519 INFO o.a.j.t.JMeterThread: Thread finished: Test Member Java 1-57
2026-07-14 21:39:49,592 INFO o.a.j.t.JMeterThread: Thread started: Test Member Java 1-58
2026-07-14 21:39:49,615 INFO o.a.j.t.JMeterThread: Thread is done: Test Member Java 1-58
2026-07-14 21:39:49,615 INFO o.a.j.t.JMeterThread: Thread finished: Test Member Java 1-58
2026-07-14 21:39:49,693 INFO o.a.j.t.JMeterThread: Thread started: Test Member Java 1-59
2026-07-14 21:39:49,723 INFO o.a.j.t.JMeterThread: Thread is done: Test Member Java 1-59
2026-07-14 21:39:49,723 INFO o.a.j.t.JMeterThread: Thread finished: Test Member Java 1-59
2026-07-14 21:39:49,791 INFO o.a.j.t.JMeterThread: Thread started: Test Member Java 1-60
2026-07-14 21:39:49,817 INFO o.a.j.t.JMeterThread: Thread is done: Test Member Java 1-60
2026-07-14 21:39:49,817 INFO o.a.j.t.JMeterThread: Thread finished: Test Member Java 1-60
2026-07-14 21:39:49,892 INFO o.a.j.t.JMeterThread: Thread started: Test Member Java 1-61
2026-07-14 21:39:49,918 INFO o.a.j.t.JMeterThread: Thread is done: Test Member Java 1-61
2026-07-14 21:39:49,918 INFO o.a.j.t.JMeterThread: Thread finished: Test Member Java 1-61
2026-07-14 21:39:49,991 INFO o.a.j.t.JMeterThread: Thread started: Test Member Java 1-62
2026-07-14 21:39:50,020 INFO o.a.j.t.JMeterThread: Thread is done: Test Member Java 1-62
2026-07-14 21:39:50,020 INFO o.a.j.t.JMeterThread: Thread finished: Test Member Java 1-62
2026-07-14 21:39:50,091 INFO o.a.j.t.JMeterThread: Thread started: Test Member Java 1-63
2026-07-14 21:39:50,119 INFO o.a.j.t.JMeterThread: Thread is done: Test Member Java 1-63
2026-07-14 21:39:50,119 INFO o.a.j.t.JMeterThread: Thread finished: Test Member Java 1-63
2026-07-14 21:39:50,190 INFO o.a.j.t.JMeterThread: Thread started: Test Member Java 1-64
2026-07-14 21:39:50,202 INFO o.a.j.t.JMeterThread: Thread is done: Test Member Java 1-64
2026-07-14 21:39:50,202 INFO o.a.j.t.JMeterThread: Thread finished: Test Member Java 1-64
2026-07-14 21:39:50,290 INFO o.a.j.t.JMeterThread: Thread started: Test Member Java 1-65
2026-07-14 21:39:50,315 INFO o.a.j.t.JMeterThread: Thread is done: Test Member Java 1-65
2026-07-14 21:39:50,315 INFO o.a.j.t.JMeterThread: Thread finished: Test Member Java 1-65
2026-07-14 21:39:50,390 INFO o.a.j.t.JMeterThread: Thread started: Test Member Java 1-66
2026-07-14 21:39:50,410 INFO o.a.j.t.JMeterThread: Thread is done: Test Member Java 1-66
2026-07-14 21:39:50,410 INFO o.a.j.t.JMeterThread: Thread finished: Test Member Java 1-66
2026-07-14 21:39:50,489 INFO o.a.j.t.JMeterThread: Thread started: Test Member Java 1-67
2026-07-14 21:39:50,512 INFO o.a.j.t.JMeterThread: Thread is done: Test Member Java 1-67
2026-07-14 21:39:50,512 INFO o.a.j.t.JMeterThread: Thread finished: Test Member Java 1-67
2026-07-14 21:39:50,588 INFO o.a.j.t.JMeterThread: Thread started: Test Member Java 1-68
2026-07-14 21:39:50,612 INFO o.a.j.t.JMeterThread: Thread is done: Test Member Java 1-68
2026-07-14 21:39:50,612 INFO o.a.j.t.JMeterThread: Thread finished: Test Member Java 1-68
2026-07-14 21:39:50,687 INFO o.a.j.t.JMeterThread: Thread started: Test Member Java 1-69
2026-07-14 21:39:50,718 INFO o.a.j.t.JMeterThread: Thread is done: Test Member Java 1-69
2026-07-14 21:39:50,718 INFO o.a.j.t.JMeterThread: Thread finished: Test Member Java 1-69
2026-07-14 21:39:50,787 INFO o.a.j.t.JMeterThread: Thread started: Test Member Java 1-70
2026-07-14 21:39:50,837 INFO o.a.j.t.JMeterThread: Thread is done: Test Member Java 1-70
2026-07-14 21:39:50,837 INFO o.a.j.t.JMeterThread: Thread finished: Test Member Java 1-70
2026-07-14 21:39:50,885 INFO o.a.j.t.JMeterThread: Thread started: Test Member Java 1-71
2026-07-14 21:39:50,908 INFO o.a.j.t.JMeterThread: Thread is done: Test Member Java 1-71
2026-07-14 21:39:50,908 INFO o.a.j.t.JMeterThread: Thread finished: Test Member Java 1-71
2026-07-14 21:39:50,985 INFO o.a.j.t.JMeterThread: Thread started: Test Member Java 1-72
2026-07-14 21:39:51,009 INFO o.a.j.t.JMeterThread: Thread is done: Test Member Java 1-72
2026-07-14 21:39:51,009 INFO o.a.j.t.JMeterThread: Thread finished: Test Member Java 1-72
2026-07-14 21:39:51,082 INFO o.a.j.t.JMeterThread: Thread started: Test Member Java 1-73
2026-07-14 21:39:51,098 INFO o.a.j.t.JMeterThread: Thread is done: Test Member Java 1-73
2026-07-14 21:39:51,098 INFO o.a.j.t.JMeterThread: Thread finished: Test Member Java 1-73
2026-07-14 21:39:51,182 INFO o.a.j.t.JMeterThread: Thread started: Test Member Java 1-74
2026-07-14 21:39:51,200 INFO o.a.j.t.JMeterThread: Thread is done: Test Member Java 1-74
2026-07-14 21:39:51,200 INFO o.a.j.t.JMeterThread: Thread finished: Test Member Java 1-74
2026-07-14 21:39:51,280 INFO o.a.j.t.JMeterThread: Thread started: Test Member Java 1-75
2026-07-14 21:39:51,309 INFO o.a.j.t.JMeterThread: Thread is done: Test Member Java 1-75
2026-07-14 21:39:51,310 INFO o.a.j.t.JMeterThread: Thread finished: Test Member Java 1-75
2026-07-14 21:39:51,379 INFO o.a.j.t.JMeterThread: Thread started: Test Member Java 1-76
2026-07-14 21:39:51,400 INFO o.a.j.t.JMeterThread: Thread is done: Test Member Java 1-76
2026-07-14 21:39:51,400 INFO o.a.j.t.JMeterThread: Thread finished: Test Member Java 1-76
2026-07-14 21:39:51,479 INFO o.a.j.t.JMeterThread: Thread started: Test Member Java 1-77
2026-07-14 21:39:51,505 INFO o.a.j.t.JMeterThread: Thread is done: Test Member Java 1-77
2026-07-14 21:39:51,505 INFO o.a.j.t.JMeterThread: Thread finished: Test Member Java 1-77
2026-07-14 21:39:51,579 INFO o.a.j.t.JMeterThread: Thread started: Test Member Java 1-78
2026-07-14 21:39:51,602 INFO o.a.j.t.JMeterThread: Thread is done: Test Member Java 1-78
2026-07-14 21:39:51,602 INFO o.a.j.t.JMeterThread: Thread finished: Test Member Java 1-78
2026-07-14 21:39:51,677 INFO o.a.j.t.JMeterThread: Thread started: Test Member Java 1-79
2026-07-14 21:39:51,698 INFO o.a.j.t.JMeterThread: Thread is done: Test Member Java 1-79
2026-07-14 21:39:51,698 INFO o.a.j.t.JMeterThread: Thread finished: Test Member Java 1-79
2026-07-14 21:39:51,777 INFO o.a.j.t.JMeterThread: Thread started: Test Member Java 1-80
2026-07-14 21:39:51,809 INFO o.a.j.t.JMeterThread: Thread is done: Test Member Java 1-80
2026-07-14 21:39:51,809 INFO o.a.j.t.JMeterThread: Thread finished: Test Member Java 1-80
2026-07-14 21:39:51,875 INFO o.a.j.t.JMeterThread: Thread started: Test Member Java 1-81
2026-07-14 21:39:51,893 INFO o.a.j.t.JMeterThread: Thread is done: Test Member Java 1-81
2026-07-14 21:39:51,893 INFO o.a.j.t.JMeterThread: Thread finished: Test Member Java 1-81
2026-07-14 21:39:51,974 INFO o.a.j.t.JMeterThread: Thread started: Test Member Java 1-82
2026-07-14 21:39:51,998 INFO o.a.j.t.JMeterThread: Thread is done: Test Member Java 1-82
2026-07-14 21:39:51,998 INFO o.a.j.t.JMeterThread: Thread finished: Test Member Java 1-82
2026-07-14 21:39:52,074 INFO o.a.j.t.JMeterThread: Thread started: Test Member Java 1-83
2026-07-14 21:39:52,093 INFO o.a.j.t.JMeterThread: Thread is done: Test Member Java 1-83
2026-07-14 21:39:52,093 INFO o.a.j.t.JMeterThread: Thread finished: Test Member Java 1-83
2026-07-14 21:39:52,172 INFO o.a.j.t.JMeterThread: Thread started: Test Member Java 1-84
2026-07-14 21:39:52,196 INFO o.a.j.t.JMeterThread: Thread is done: Test Member Java 1-84
2026-07-14 21:39:52,196 INFO o.a.j.t.JMeterThread: Thread finished: Test Member Java 1-84
2026-07-14 21:39:52,270 INFO o.a.j.t.JMeterThread: Thread started: Test Member Java 1-85
2026-07-14 21:39:52,305 INFO o.a.j.t.JMeterThread: Thread is done: Test Member Java 1-85
2026-07-14 21:39:52,305 INFO o.a.j.t.JMeterThread: Thread finished: Test Member Java 1-85
2026-07-14 21:39:52,369 INFO o.a.j.t.JMeterThread: Thread started: Test Member Java 1-86
2026-07-14 21:39:52,389 INFO o.a.j.t.JMeterThread: Thread is done: Test Member Java 1-86
2026-07-14 21:39:52,389 INFO o.a.j.t.JMeterThread: Thread finished: Test Member Java 1-86
2026-07-14 21:39:52,467 INFO o.a.j.t.JMeterThread: Thread started: Test Member Java 1-87
2026-07-14 21:39:52,495 INFO o.a.j.t.JMeterThread: Thread is done: Test Member Java 1-87
2026-07-14 21:39:52,495 INFO o.a.j.t.JMeterThread: Thread finished: Test Member Java 1-87
2026-07-14 21:39:52,566 INFO o.a.j.t.JMeterThread: Thread started: Test Member Java 1-88
2026-07-14 21:39:52,583 INFO o.a.j.t.JMeterThread: Thread is done: Test Member Java 1-88
2026-07-14 21:39:52,583 INFO o.a.j.t.JMeterThread: Thread finished: Test Member Java 1-88
2026-07-14 21:39:52,664 INFO o.a.j.t.JMeterThread: Thread started: Test Member Java 1-89
2026-07-14 21:39:52,689 INFO o.a.j.t.JMeterThread: Thread is done: Test Member Java 1-89
2026-07-14 21:39:52,689 INFO o.a.j.t.JMeterThread: Thread finished: Test Member Java 1-89
2026-07-14 21:39:52,763 INFO o.a.j.t.JMeterThread: Thread started: Test Member Java 1-90
2026-07-14 21:39:52,801 INFO o.a.j.t.JMeterThread: Thread is done: Test Member Java 1-90
2026-07-14 21:39:52,802 INFO o.a.j.t.JMeterThread: Thread finished: Test Member Java 1-90
2026-07-14 21:39:52,861 INFO o.a.j.t.JMeterThread: Thread started: Test Member Java 1-91
2026-07-14 21:39:52,891 INFO o.a.j.t.JMeterThread: Thread is done: Test Member Java 1-91
2026-07-14 21:39:52,891 INFO o.a.j.t.JMeterThread: Thread finished: Test Member Java 1-91
2026-07-14 21:39:52,960 INFO o.a.j.t.JMeterThread: Thread started: Test Member Java 1-92
2026-07-14 21:39:52,986 INFO o.a.j.t.JMeterThread: Thread is done: Test Member Java 1-92
2026-07-14 21:39:52,986 INFO o.a.j.t.JMeterThread: Thread finished: Test Member Java 1-92
2026-07-14 21:39:53,058 INFO o.a.j.t.JMeterThread: Thread started: Test Member Java 1-93
2026-07-14 21:39:53,086 INFO o.a.j.t.JMeterThread: Thread is done: Test Member Java 1-93
2026-07-14 21:39:53,086 INFO o.a.j.t.JMeterThread: Thread finished: Test Member Java 1-93
2026-07-14 21:39:53,155 INFO o.a.j.t.JMeterThread: Thread started: Test Member Java 1-94
2026-07-14 21:39:53,186 INFO o.a.j.t.JMeterThread: Thread is done: Test Member Java 1-94
2026-07-14 21:39:53,186 INFO o.a.j.t.JMeterThread: Thread finished: Test Member Java 1-94
2026-07-14 21:39:53,252 INFO o.a.j.t.JMeterThread: Thread started: Test Member Java 1-95
2026-07-14 21:39:53,270 INFO o.a.j.t.JMeterThread: Thread is done: Test Member Java 1-95
2026-07-14 21:39:53,270 INFO o.a.j.t.JMeterThread: Thread finished: Test Member Java 1-95
2026-07-14 21:39:53,352 INFO o.a.j.t.JMeterThread: Thread started: Test Member Java 1-96
2026-07-14 21:39:53,382 INFO o.a.j.t.JMeterThread: Thread is done: Test Member Java 1-96
2026-07-14 21:39:53,382 INFO o.a.j.t.JMeterThread: Thread finished: Test Member Java 1-96
2026-07-14 21:39:53,446 INFO o.a.j.t.JMeterThread: Thread started: Test Member Java 1-97
2026-07-14 21:39:53,466 INFO o.a.j.t.JMeterThread: Thread is done: Test Member Java 1-97
2026-07-14 21:39:53,466 INFO o.a.j.t.JMeterThread: Thread finished: Test Member Java 1-97
2026-07-14 21:39:53,543 INFO o.a.j.t.JMeterThread: Thread started: Test Member Java 1-98
2026-07-14 21:39:53,570 INFO o.a.j.t.JMeterThread: Thread is done: Test Member Java 1-98
2026-07-14 21:39:53,570 INFO o.a.j.t.JMeterThread: Thread finished: Test Member Java 1-98
2026-07-14 21:39:53,639 INFO o.a.j.t.JMeterThread: Thread started: Test Member Java 1-99
2026-07-14 21:39:53,668 INFO o.a.j.t.JMeterThread: Thread is done: Test Member Java 1-99
2026-07-14 21:39:53,668 INFO o.a.j.t.JMeterThread: Thread finished: Test Member Java 1-99
2026-07-14 21:39:53,732 INFO o.a.j.t.JMeterThread: Thread started: Test Member Java 1-100
2026-07-14 21:39:53,750 INFO o.a.j.t.JMeterThread: Thread is done: Test Member Java 1-100
2026-07-14 21:39:53,750 INFO o.a.j.t.JMeterThread: Thread finished: Test Member Java 1-100
2026-07-14 21:39:53,750 INFO o.a.j.e.StandardJMeterEngine: Notifying test listeners of end of test
2026-07-14 21:39:53,750 INFO o.a.j.g.u.JMeterMenuBar: setRunning(false, *local*)
2026-07-14 21:41:31,229 INFO o.a.j.e.StandardJMeterEngine: Running the test!
2026-07-14 21:41:31,229 INFO o.a.j.s.SampleEvent: List of sample_variables: []
2026-07-14 21:41:31,230 INFO o.a.j.g.u.JMeterMenuBar: setRunning(true, *local*)
2026-07-14 21:41:31,263 INFO o.a.j.e.StandardJMeterEngine: Starting ThreadGroup: 1 : Test Member Java
2026-07-14 21:41:31,263 INFO o.a.j.e.StandardJMeterEngine: Starting 50 threads for group Test Member Java.
2026-07-14 21:41:31,263 INFO o.a.j.e.StandardJMeterEngine: Thread will continue on error
2026-07-14 21:41:31,263 INFO o.a.j.t.ThreadGroup: Starting thread group... number=1 threads=50 ramp-up=10 delayedStart=true
2026-07-14 21:41:31,263 INFO o.a.j.t.ThreadGroup: Started thread group number 1
2026-07-14 21:41:31,263 INFO o.a.j.e.StandardJMeterEngine: All thread groups have been started
2026-07-14 21:41:31,264 INFO o.a.j.t.JMeterThread: Thread started: Test Member Java 1-1
2026-07-14 21:41:31,278 INFO o.a.j.t.JMeterThread: Thread is done: Test Member Java 1-1
2026-07-14 21:41:31,278 INFO o.a.j.t.JMeterThread: Thread finished: Test Member Java 1-1
2026-07-14 21:41:31,468 INFO o.a.j.t.JMeterThread: Thread started: Test Member Java 1-2
2026-07-14 21:41:31,489 INFO o.a.j.t.JMeterThread: Thread is done: Test Member Java 1-2
2026-07-14 21:41:31,489 INFO o.a.j.t.JMeterThread: Thread finished: Test Member Java 1-2
2026-07-14 21:41:31,674 INFO o.a.j.t.JMeterThread: Thread started: Test Member Java 1-3
2026-07-14 21:41:31,692 INFO o.a.j.t.JMeterThread: Thread is done: Test Member Java 1-3
2026-07-14 21:41:31,692 INFO o.a.j.t.JMeterThread: Thread finished: Test Member Java 1-3
2026-07-14 21:41:31,880 INFO o.a.j.t.JMeterThread: Thread started: Test Member Java 1-4
2026-07-14 21:41:31,904 INFO o.a.j.t.JMeterThread: Thread is done: Test Member Java 1-4
2026-07-14 21:41:31,904 INFO o.a.j.t.JMeterThread: Thread finished: Test Member Java 1-4
2026-07-14 21:41:32,086 INFO o.a.j.t.JMeterThread: Thread started: Test Member Java 1-5
2026-07-14 21:41:32,117 INFO o.a.j.t.JMeterThread: Thread is done: Test Member Java 1-5
2026-07-14 21:41:32,117 INFO o.a.j.t.JMeterThread: Thread finished: Test Member Java 1-5
2026-07-14 21:41:32,292 INFO o.a.j.t.JMeterThread: Thread started: Test Member Java 1-6
2026-07-14 21:41:32,325 INFO o.a.j.t.JMeterThread: Thread is done: Test Member Java 1-6
2026-07-14 21:41:32,325 INFO o.a.j.t.JMeterThread: Thread finished: Test Member Java 1-6
2026-07-14 21:41:32,496 INFO o.a.j.t.JMeterThread: Thread started: Test Member Java 1-7
2026-07-14 21:41:32,521 INFO o.a.j.t.JMeterThread: Thread is done: Test Member Java 1-7
2026-07-14 21:41:32,521 INFO o.a.j.t.JMeterThread: Thread finished: Test Member Java 1-7
2026-07-14 21:41:32,702 INFO o.a.j.t.JMeterThread: Thread started: Test Member Java 1-8
2026-07-14 21:41:32,721 INFO o.a.j.t.JMeterThread: Thread is done: Test Member Java 1-8
2026-07-14 21:41:32,721 INFO o.a.j.t.JMeterThread: Thread finished: Test Member Java 1-8
2026-07-14 21:41:32,907 INFO o.a.j.t.JMeterThread: Thread started: Test Member Java 1-9
2026-07-14 21:41:32,931 INFO o.a.j.t.JMeterThread: Thread is done: Test Member Java 1-9
2026-07-14 21:41:32,931 INFO o.a.j.t.JMeterThread: Thread finished: Test Member Java 1-9
2026-07-14 21:41:33,113 INFO o.a.j.t.JMeterThread: Thread started: Test Member Java 1-10
2026-07-14 21:41:33,136 INFO o.a.j.t.JMeterThread: Thread is done: Test Member Java 1-10
2026-07-14 21:41:33,136 INFO o.a.j.t.JMeterThread: Thread finished: Test Member Java 1-10
2026-07-14 21:41:33,322 INFO o.a.j.t.JMeterThread: Thread started: Test Member Java 1-11
2026-07-14 21:41:33,339 INFO o.a.j.t.JMeterThread: Thread is done: Test Member Java 1-11
2026-07-14 21:41:33,339 INFO o.a.j.t.JMeterThread: Thread finished: Test Member Java 1-11
2026-07-14 21:41:33,526 INFO o.a.j.t.JMeterThread: Thread started: Test Member Java 1-12
2026-07-14 21:41:33,544 INFO o.a.j.t.JMeterThread: Thread is done: Test Member Java 1-12
2026-07-14 21:41:33,544 INFO o.a.j.t.JMeterThread: Thread finished: Test Member Java 1-12
2026-07-14 21:41:33,733 INFO o.a.j.t.JMeterThread: Thread started: Test Member Java 1-13
2026-07-14 21:41:33,754 INFO o.a.j.t.JMeterThread: Thread is done: Test Member Java 1-13
2026-07-14 21:41:33,754 INFO o.a.j.t.JMeterThread: Thread finished: Test Member Java 1-13
2026-07-14 21:41:33,937 INFO o.a.j.t.JMeterThread: Thread started: Test Member Java 1-14
2026-07-14 21:41:33,960 INFO o.a.j.t.JMeterThread: Thread is done: Test Member Java 1-14
2026-07-14 21:41:33,960 INFO o.a.j.t.JMeterThread: Thread finished: Test Member Java 1-14
2026-07-14 21:41:34,142 INFO o.a.j.t.JMeterThread: Thread started: Test Member Java 1-15
2026-07-14 21:41:34,157 INFO o.a.j.t.JMeterThread: Thread is done: Test Member Java 1-15
2026-07-14 21:41:34,157 INFO o.a.j.t.JMeterThread: Thread finished: Test Member Java 1-15
2026-07-14 21:41:34,345 INFO o.a.j.t.JMeterThread: Thread started: Test Member Java 1-16
2026-07-14 21:41:34,364 INFO o.a.j.t.JMeterThread: Thread is done: Test Member Java 1-16
2026-07-14 21:41:34,364 INFO o.a.j.t.JMeterThread: Thread finished: Test Member Java 1-16
2026-07-14 21:41:34,550 INFO o.a.j.t.JMeterThread: Thread started: Test Member Java 1-17
2026-07-14 21:41:34,561 INFO o.a.j.t.JMeterThread: Thread is done: Test Member Java 1-17
2026-07-14 21:41:34,561 INFO o.a.j.t.JMeterThread: Thread finished: Test Member Java 1-17
2026-07-14 21:41:34,754 INFO o.a.j.t.JMeterThread: Thread started: Test Member Java 1-18
2026-07-14 21:41:34,777 INFO o.a.j.t.JMeterThread: Thread is done: Test Member Java 1-18
2026-07-14 21:41:34,777 INFO o.a.j.t.JMeterThread: Thread finished: Test Member Java 1-18
2026-07-14 21:41:34,958 INFO o.a.j.t.JMeterThread: Thread started: Test Member Java 1-19
2026-07-14 21:41:34,992 INFO o.a.j.t.JMeterThread: Thread is done: Test Member Java 1-19
2026-07-14 21:41:34,992 INFO o.a.j.t.JMeterThread: Thread finished: Test Member Java 1-19
2026-07-14 21:41:35,163 INFO o.a.j.t.JMeterThread: Thread started: Test Member Java 1-20
2026-07-14 21:41:35,182 INFO o.a.j.t.JMeterThread: Thread is done: Test Member Java 1-20
2026-07-14 21:41:35,182 INFO o.a.j.t.JMeterThread: Thread finished: Test Member Java 1-20
2026-07-14 21:41:35,369 INFO o.a.j.t.JMeterThread: Thread started: Test Member Java 1-21
2026-07-14 21:41:35,395 INFO o.a.j.t.JMeterThread: Thread is done: Test Member Java 1-21
2026-07-14 21:41:35,395 INFO o.a.j.t.JMeterThread: Thread finished: Test Member Java 1-21
2026-07-14 21:41:35,573 INFO o.a.j.t.JMeterThread: Thread started: Test Member Java 1-22
2026-07-14 21:41:35,590 INFO o.a.j.t.JMeterThread: Thread is done: Test Member Java 1-22
2026-07-14 21:41:35,590 INFO o.a.j.t.JMeterThread: Thread finished: Test Member Java 1-22
2026-07-14 21:41:35,777 INFO o.a.j.t.JMeterThread: Thread started: Test Member Java 1-23
2026-07-14 21:41:35,796 INFO o.a.j.t.JMeterThread: Thread is done: Test Member Java 1-23
2026-07-14 21:41:35,796 INFO o.a.j.t.JMeterThread: Thread finished: Test Member Java 1-23
2026-07-14 21:41:35,980 INFO o.a.j.t.JMeterThread: Thread started: Test Member Java 1-24
2026-07-14 21:41:36,000 INFO o.a.j.t.JMeterThread: Thread is done: Test Member Java 1-24
2026-07-14 21:41:36,000 INFO o.a.j.t.JMeterThread: Thread finished: Test Member Java 1-24
2026-07-14 21:41:36,185 INFO o.a.j.t.JMeterThread: Thread started: Test Member Java 1-25
2026-07-14 21:41:36,213 INFO o.a.j.t.JMeterThread: Thread is done: Test Member Java 1-25
2026-07-14 21:41:36,213 INFO o.a.j.t.JMeterThread: Thread finished: Test Member Java 1-25
2026-07-14 21:41:36,388 INFO o.a.j.t.JMeterThread: Thread started: Test Member Java 1-26
2026-07-14 21:41:36,407 INFO o.a.j.t.JMeterThread: Thread is done: Test Member Java 1-26
2026-07-14 21:41:36,407 INFO o.a.j.t.JMeterThread: Thread finished: Test Member Java 1-26
2026-07-14 21:41:36,592 INFO o.a.j.t.JMeterThread: Thread started: Test Member Java 1-27
2026-07-14 21:41:36,614 INFO o.a.j.t.JMeterThread: Thread is done: Test Member Java 1-27
2026-07-14 21:41:36,614 INFO o.a.j.t.JMeterThread: Thread finished: Test Member Java 1-27
2026-07-14 21:41:36,798 INFO o.a.j.t.JMeterThread: Thread started: Test Member Java 1-28
2026-07-14 21:41:36,831 INFO o.a.j.t.JMeterThread: Thread is done: Test Member Java 1-28
2026-07-14 21:41:36,831 INFO o.a.j.t.JMeterThread: Thread finished: Test Member Java 1-28
2026-07-14 21:41:37,002 INFO o.a.j.t.JMeterThread: Thread started: Test Member Java 1-29
2026-07-14 21:41:37,020 INFO o.a.j.t.JMeterThread: Thread is done: Test Member Java 1-29
2026-07-14 21:41:37,020 INFO o.a.j.t.JMeterThread: Thread finished: Test Member Java 1-29
2026-07-14 21:41:37,205 INFO o.a.j.t.JMeterThread: Thread started: Test Member Java 1-30
2026-07-14 21:41:37,227 INFO o.a.j.t.JMeterThread: Thread is done: Test Member Java 1-30
2026-07-14 21:41:37,227 INFO o.a.j.t.JMeterThread: Thread finished: Test Member Java 1-30
2026-07-14 21:41:37,410 INFO o.a.j.t.JMeterThread: Thread started: Test Member Java 1-31
2026-07-14 21:41:37,437 INFO o.a.j.t.JMeterThread: Thread is done: Test Member Java 1-31
2026-07-14 21:41:37,437 INFO o.a.j.t.JMeterThread: Thread finished: Test Member Java 1-31
2026-07-14 21:41:37,615 INFO o.a.j.t.JMeterThread: Thread started: Test Member Java 1-32
2026-07-14 21:41:37,635 INFO o.a.j.t.JMeterThread: Thread is done: Test Member Java 1-32
2026-07-14 21:41:37,635 INFO o.a.j.t.JMeterThread: Thread finished: Test Member Java 1-32
2026-07-14 21:41:37,818 INFO o.a.j.t.JMeterThread: Thread started: Test Member Java 1-33
2026-07-14 21:41:37,837 INFO o.a.j.t.JMeterThread: Thread is done: Test Member Java 1-33
2026-07-14 21:41:37,837 INFO o.a.j.t.JMeterThread: Thread finished: Test Member Java 1-33
2026-07-14 21:41:38,021 INFO o.a.j.t.JMeterThread: Thread started: Test Member Java 1-34
2026-07-14 21:41:38,036 INFO o.a.j.t.JMeterThread: Thread is done: Test Member Java 1-34
2026-07-14 21:41:38,036 INFO o.a.j.t.JMeterThread: Thread finished: Test Member Java 1-34
2026-07-14 21:41:38,227 INFO o.a.j.t.JMeterThread: Thread started: Test Member Java 1-35
2026-07-14 21:41:38,252 INFO o.a.j.t.JMeterThread: Thread is done: Test Member Java 1-35
2026-07-14 21:41:38,252 INFO o.a.j.t.JMeterThread: Thread finished: Test Member Java 1-35
2026-07-14 21:41:38,431 INFO o.a.j.t.JMeterThread: Thread started: Test Member Java 1-36
2026-07-14 21:41:38,463 INFO o.a.j.t.JMeterThread: Thread is done: Test Member Java 1-36
2026-07-14 21:41:38,463 INFO o.a.j.t.JMeterThread: Thread finished: Test Member Java 1-36
2026-07-14 21:41:38,634 INFO o.a.j.t.JMeterThread: Thread started: Test Member Java 1-37
2026-07-14 21:41:38,663 INFO o.a.j.t.JMeterThread: Thread is done: Test Member Java 1-37
2026-07-14 21:41:38,663 INFO o.a.j.t.JMeterThread: Thread finished: Test Member Java 1-37
2026-07-14 21:41:38,837 INFO o.a.j.t.JMeterThread: Thread started: Test Member Java 1-38
2026-07-14 21:41:38,855 INFO o.a.j.t.JMeterThread: Thread is done: Test Member Java 1-38
2026-07-14 21:41:38,855 INFO o.a.j.t.JMeterThread: Thread finished: Test Member Java 1-38
2026-07-14 21:41:39,041 INFO o.a.j.t.JMeterThread: Thread started: Test Member Java 1-39
2026-07-14 21:41:39,066 INFO o.a.j.t.JMeterThread: Thread is done: Test Member Java 1-39
2026-07-14 21:41:39,066 INFO o.a.j.t.JMeterThread: Thread finished: Test Member Java 1-39
2026-07-14 21:41:39,244 INFO o.a.j.t.JMeterThread: Thread started: Test Member Java 1-40
2026-07-14 21:41:39,275 INFO o.a.j.t.JMeterThread: Thread is done: Test Member Java 1-40
2026-07-14 21:41:39,275 INFO o.a.j.t.JMeterThread: Thread finished: Test Member Java 1-40
2026-07-14 21:41:39,447 INFO o.a.j.t.JMeterThread: Thread started: Test Member Java 1-41
2026-07-14 21:41:39,487 INFO o.a.j.t.JMeterThread: Thread is done: Test Member Java 1-41
2026-07-14 21:41:39,487 INFO o.a.j.t.JMeterThread: Thread finished: Test Member Java 1-41
2026-07-14 21:41:39,651 INFO o.a.j.t.JMeterThread: Thread started: Test Member Java 1-42
2026-07-14 21:41:39,678 INFO o.a.j.t.JMeterThread: Thread is done: Test Member Java 1-42
2026-07-14 21:41:39,678 INFO o.a.j.t.JMeterThread: Thread finished: Test Member Java 1-42
2026-07-14 21:41:39,854 INFO o.a.j.t.JMeterThread: Thread started: Test Member Java 1-43
2026-07-14 21:41:39,880 INFO o.a.j.t.JMeterThread: Thread is done: Test Member Java 1-43
2026-07-14 21:41:39,880 INFO o.a.j.t.JMeterThread: Thread finished: Test Member Java 1-43
2026-07-14 21:41:40,056 INFO o.a.j.t.JMeterThread: Thread started: Test Member Java 1-44
2026-07-14 21:41:40,078 INFO o.a.j.t.JMeterThread: Thread is done: Test Member Java 1-44
2026-07-14 21:41:40,078 INFO o.a.j.t.JMeterThread: Thread finished: Test Member Java 1-44
2026-07-14 21:41:40,259 INFO o.a.j.t.JMeterThread: Thread started: Test Member Java 1-45
2026-07-14 21:41:40,290 INFO o.a.j.t.JMeterThread: Thread is done: Test Member Java 1-45
2026-07-14 21:41:40,290 INFO o.a.j.t.JMeterThread: Thread finished: Test Member Java 1-45
2026-07-14 21:41:40,461 INFO o.a.j.t.JMeterThread: Thread started: Test Member Java 1-46
2026-07-14 21:41:40,496 INFO o.a.j.t.JMeterThread: Thread is done: Test Member Java 1-46
2026-07-14 21:41:40,496 INFO o.a.j.t.JMeterThread: Thread finished: Test Member Java 1-46
2026-07-14 21:41:40,663 INFO o.a.j.t.JMeterThread: Thread started: Test Member Java 1-47
2026-07-14 21:41:40,694 INFO o.a.j.t.JMeterThread: Thread is done: Test Member Java 1-47
2026-07-14 21:41:40,694 INFO o.a.j.t.JMeterThread: Thread finished: Test Member Java 1-47
2026-07-14 21:41:40,866 INFO o.a.j.t.JMeterThread: Thread started: Test Member Java 1-48
2026-07-14 21:41:40,897 INFO o.a.j.t.JMeterThread: Thread is done: Test Member Java 1-48
2026-07-14 21:41:40,897 INFO o.a.j.t.JMeterThread: Thread finished: Test Member Java 1-48
2026-07-14 21:41:41,070 INFO o.a.j.t.JMeterThread: Thread started: Test Member Java 1-49
2026-07-14 21:41:41,098 INFO o.a.j.t.JMeterThread: Thread is done: Test Member Java 1-49
2026-07-14 21:41:41,098 INFO o.a.j.t.JMeterThread: Thread finished: Test Member Java 1-49
2026-07-14 21:41:41,266 INFO o.a.j.t.JMeterThread: Thread started: Test Member Java 1-50
2026-07-14 21:41:41,298 INFO o.a.j.t.JMeterThread: Thread is done: Test Member Java 1-50
2026-07-14 21:41:41,298 INFO o.a.j.t.JMeterThread: Thread finished: Test Member Java 1-50
2026-07-14 21:41:41,299 INFO o.a.j.e.StandardJMeterEngine: Notifying test listeners of end of test
2026-07-14 21:41:41,299 INFO o.a.j.g.u.JMeterMenuBar: setRunning(false, *local*)
2026-07-14 21:42:28,205 INFO o.a.j.e.StandardJMeterEngine: Running the test!
2026-07-14 21:42:28,205 INFO o.a.j.s.SampleEvent: List of sample_variables: []
2026-07-14 21:42:28,207 INFO o.a.j.g.u.JMeterMenuBar: setRunning(true, *local*)
2026-07-14 21:42:28,209 INFO o.a.j.e.StandardJMeterEngine: Starting ThreadGroup: 1 : Test Member Java
2026-07-14 21:42:28,209 INFO o.a.j.e.StandardJMeterEngine: Starting 50 threads for group Test Member Java.
2026-07-14 21:42:28,209 INFO o.a.j.e.StandardJMeterEngine: Thread will continue on error
2026-07-14 21:42:28,209 INFO o.a.j.t.ThreadGroup: Starting thread group... number=1 threads=50 ramp-up=10 delayedStart=true
2026-07-14 21:42:28,209 INFO o.a.j.t.ThreadGroup: Started thread group number 1
2026-07-14 21:42:28,209 INFO o.a.j.e.StandardJMeterEngine: All thread groups have been started
2026-07-14 21:42:28,210 INFO o.a.j.t.JMeterThread: Thread started: Test Member Java 1-1
2026-07-14 21:42:28,223 INFO o.a.j.t.JMeterThread: Thread is done: Test Member Java 1-1
2026-07-14 21:42:28,223 INFO o.a.j.t.JMeterThread: Thread finished: Test Member Java 1-1
2026-07-14 21:42:28,415 INFO o.a.j.t.JMeterThread: Thread started: Test Member Java 1-2
2026-07-14 21:42:28,430 INFO o.a.j.t.JMeterThread: Thread is done: Test Member Java 1-2
2026-07-14 21:42:28,430 INFO o.a.j.t.JMeterThread: Thread finished: Test Member Java 1-2
2026-07-14 21:42:28,621 INFO o.a.j.t.JMeterThread: Thread started: Test Member Java 1-3
2026-07-14 21:42:28,636 INFO o.a.j.t.JMeterThread: Thread is done: Test Member Java 1-3
2026-07-14 21:42:28,636 INFO o.a.j.t.JMeterThread: Thread finished: Test Member Java 1-3
2026-07-14 21:42:28,827 INFO o.a.j.t.JMeterThread: Thread started: Test Member Java 1-4
2026-07-14 21:42:28,842 INFO o.a.j.t.JMeterThread: Thread is done: Test Member Java 1-4
2026-07-14 21:42:28,843 INFO o.a.j.t.JMeterThread: Thread finished: Test Member Java 1-4
2026-07-14 21:42:29,032 INFO o.a.j.t.JMeterThread: Thread started: Test Member Java 1-5
2026-07-14 21:42:29,049 INFO o.a.j.t.JMeterThread: Thread is done: Test Member Java 1-5
2026-07-14 21:42:29,049 INFO o.a.j.t.JMeterThread: Thread finished: Test Member Java 1-5
2026-07-14 21:42:29,237 INFO o.a.j.t.JMeterThread: Thread started: Test Member Java 1-6
2026-07-14 21:42:29,264 INFO o.a.j.t.JMeterThread: Thread is done: Test Member Java 1-6
2026-07-14 21:42:29,264 INFO o.a.j.t.JMeterThread: Thread finished: Test Member Java 1-6
2026-07-14 21:42:29,441 INFO o.a.j.t.JMeterThread: Thread started: Test Member Java 1-7
2026-07-14 21:42:29,458 INFO o.a.j.t.JMeterThread: Thread is done: Test Member Java 1-7
2026-07-14 21:42:29,458 INFO o.a.j.t.JMeterThread: Thread finished: Test Member Java 1-7
2026-07-14 21:42:29,648 INFO o.a.j.t.JMeterThread: Thread started: Test Member Java 1-8
2026-07-14 21:42:29,664 INFO o.a.j.t.JMeterThread: Thread is done: Test Member Java 1-8
2026-07-14 21:42:29,664 INFO o.a.j.t.JMeterThread: Thread finished: Test Member Java 1-8
2026-07-14 21:42:29,852 INFO o.a.j.t.JMeterThread: Thread started: Test Member Java 1-9
2026-07-14 21:42:29,870 INFO o.a.j.t.JMeterThread: Thread is done: Test Member Java 1-9
2026-07-14 21:42:29,870 INFO o.a.j.t.JMeterThread: Thread finished: Test Member Java 1-9
2026-07-14 21:42:30,058 INFO o.a.j.t.JMeterThread: Thread started: Test Member Java 1-10
2026-07-14 21:42:30,077 INFO o.a.j.t.JMeterThread: Thread is done: Test Member Java 1-10
2026-07-14 21:42:30,077 INFO o.a.j.t.JMeterThread: Thread finished: Test Member Java 1-10
2026-07-14 21:42:30,264 INFO o.a.j.t.JMeterThread: Thread started: Test Member Java 1-11
2026-07-14 21:42:30,278 INFO o.a.j.t.JMeterThread: Thread is done: Test Member Java 1-11
2026-07-14 21:42:30,278 INFO o.a.j.t.JMeterThread: Thread finished: Test Member Java 1-11
2026-07-14 21:42:30,468 INFO o.a.j.t.JMeterThread: Thread started: Test Member Java 1-12
2026-07-14 21:42:30,487 INFO o.a.j.t.JMeterThread: Thread is done: Test Member Java 1-12
2026-07-14 21:42:30,487 INFO o.a.j.t.JMeterThread: Thread finished: Test Member Java 1-12
2026-07-14 21:42:30,673 INFO o.a.j.t.JMeterThread: Thread started: Test Member Java 1-13
2026-07-14 21:42:30,687 INFO o.a.j.t.JMeterThread: Thread is done: Test Member Java 1-13
2026-07-14 21:42:30,687 INFO o.a.j.t.JMeterThread: Thread finished: Test Member Java 1-13
2026-07-14 21:42:30,879 INFO o.a.j.t.JMeterThread: Thread started: Test Member Java 1-14
2026-07-14 21:42:30,899 INFO o.a.j.t.JMeterThread: Thread is done: Test Member Java 1-14
2026-07-14 21:42:30,899 INFO o.a.j.t.JMeterThread: Thread finished: Test Member Java 1-14
2026-07-14 21:42:31,084 INFO o.a.j.t.JMeterThread: Thread started: Test Member Java 1-15
2026-07-14 21:42:31,106 INFO o.a.j.t.JMeterThread: Thread is done: Test Member Java 1-15
2026-07-14 21:42:31,106 INFO o.a.j.t.JMeterThread: Thread finished: Test Member Java 1-15
2026-07-14 21:42:31,289 INFO o.a.j.t.JMeterThread: Thread started: Test Member Java 1-16
2026-07-14 21:42:31,313 INFO o.a.j.t.JMeterThread: Thread is done: Test Member Java 1-16
2026-07-14 21:42:31,314 INFO o.a.j.t.JMeterThread: Thread finished: Test Member Java 1-16
2026-07-14 21:42:31,495 INFO o.a.j.t.JMeterThread: Thread started: Test Member Java 1-17
2026-07-14 21:42:31,523 INFO o.a.j.t.JMeterThread: Thread is done: Test Member Java 1-17
2026-07-14 21:42:31,524 INFO o.a.j.t.JMeterThread: Thread finished: Test Member Java 1-17
2026-07-14 21:42:31,699 INFO o.a.j.t.JMeterThread: Thread started: Test Member Java 1-18
2026-07-14 21:42:31,725 INFO o.a.j.t.JMeterThread: Thread is done: Test Member Java 1-18
2026-07-14 21:42:31,725 INFO o.a.j.t.JMeterThread: Thread finished: Test Member Java 1-18
2026-07-14 21:42:31,902 INFO o.a.j.t.JMeterThread: Thread started: Test Member Java 1-19
2026-07-14 21:42:31,921 INFO o.a.j.t.JMeterThread: Thread is done: Test Member Java 1-19
2026-07-14 21:42:31,921 INFO o.a.j.t.JMeterThread: Thread finished: Test Member Java 1-19
2026-07-14 21:42:32,106 INFO o.a.j.t.JMeterThread: Thread started: Test Member Java 1-20
2026-07-14 21:42:32,135 INFO o.a.j.t.JMeterThread: Thread is done: Test Member Java 1-20
2026-07-14 21:42:32,135 INFO o.a.j.t.JMeterThread: Thread finished: Test Member Java 1-20
2026-07-14 21:42:32,311 INFO o.a.j.t.JMeterThread: Thread started: Test Member Java 1-21
2026-07-14 21:42:32,342 INFO o.a.j.t.JMeterThread: Thread is done: Test Member Java 1-21
2026-07-14 21:42:32,343 INFO o.a.j.t.JMeterThread: Thread finished: Test Member Java 1-21
2026-07-14 21:42:32,516 INFO o.a.j.t.JMeterThread: Thread started: Test Member Java 1-22
2026-07-14 21:42:32,547 INFO o.a.j.t.JMeterThread: Thread is done: Test Member Java 1-22
2026-07-14 21:42:32,547 INFO o.a.j.t.JMeterThread: Thread finished: Test Member Java 1-22
2026-07-14 21:42:32,720 INFO o.a.j.t.JMeterThread: Thread started: Test Member Java 1-23
2026-07-14 21:42:32,750 INFO o.a.j.t.JMeterThread: Thread is done: Test Member Java 1-23
2026-07-14 21:42:32,750 INFO o.a.j.t.JMeterThread: Thread finished: Test Member Java 1-23
2026-07-14 21:42:32,924 INFO o.a.j.t.JMeterThread: Thread started: Test Member Java 1-24
2026-07-14 21:42:32,951 INFO o.a.j.t.JMeterThread: Thread is done: Test Member Java 1-24
2026-07-14 21:42:32,951 INFO o.a.j.t.JMeterThread: Thread finished: Test Member Java 1-24
2026-07-14 21:42:33,128 INFO o.a.j.t.JMeterThread: Thread started: Test Member Java 1-25
2026-07-14 21:42:33,154 INFO o.a.j.t.JMeterThread: Thread is done: Test Member Java 1-25
2026-07-14 21:42:33,155 INFO o.a.j.t.JMeterThread: Thread finished: Test Member Java 1-25
2026-07-14 21:42:33,333 INFO o.a.j.t.JMeterThread: Thread started: Test Member Java 1-26
2026-07-14 21:42:33,363 INFO o.a.j.t.JMeterThread: Thread is done: Test Member Java 1-26
2026-07-14 21:42:33,363 INFO o.a.j.t.JMeterThread: Thread finished: Test Member Java 1-26
2026-07-14 21:42:33,537 INFO o.a.j.t.JMeterThread: Thread started: Test Member Java 1-27
2026-07-14 21:42:33,558 INFO o.a.j.t.JMeterThread: Thread is done: Test Member Java 1-27
2026-07-14 21:42:33,558 INFO o.a.j.t.JMeterThread: Thread finished: Test Member Java 1-27
2026-07-14 21:42:33,740 INFO o.a.j.t.JMeterThread: Thread started: Test Member Java 1-28
2026-07-14 21:42:33,773 INFO o.a.j.t.JMeterThread: Thread is done: Test Member Java 1-28
2026-07-14 21:42:33,773 INFO o.a.j.t.JMeterThread: Thread finished: Test Member Java 1-28
2026-07-14 21:42:33,945 INFO o.a.j.t.JMeterThread: Thread started: Test Member Java 1-29
2026-07-14 21:42:34,006 INFO o.a.j.t.JMeterThread: Thread is done: Test Member Java 1-29
2026-07-14 21:42:34,006 INFO o.a.j.t.JMeterThread: Thread finished: Test Member Java 1-29
2026-07-14 21:42:34,150 INFO o.a.j.t.JMeterThread: Thread started: Test Member Java 1-30
2026-07-14 21:42:34,173 INFO o.a.j.t.JMeterThread: Thread is done: Test Member Java 1-30
2026-07-14 21:42:34,173 INFO o.a.j.t.JMeterThread: Thread finished: Test Member Java 1-30
2026-07-14 21:42:34,354 INFO o.a.j.t.JMeterThread: Thread started: Test Member Java 1-31
2026-07-14 21:42:34,377 INFO o.a.j.t.JMeterThread: Thread is done: Test Member Java 1-31
2026-07-14 21:42:34,377 INFO o.a.j.t.JMeterThread: Thread finished: Test Member Java 1-31
2026-07-14 21:42:34,558 INFO o.a.j.t.JMeterThread: Thread started: Test Member Java 1-32
2026-07-14 21:42:34,588 INFO o.a.j.t.JMeterThread: Thread is done: Test Member Java 1-32
2026-07-14 21:42:34,588 INFO o.a.j.t.JMeterThread: Thread finished: Test Member Java 1-32
2026-07-14 21:42:34,761 INFO o.a.j.t.JMeterThread: Thread started: Test Member Java 1-33
2026-07-14 21:42:34,795 INFO o.a.j.t.JMeterThread: Thread is done: Test Member Java 1-33
2026-07-14 21:42:34,795 INFO o.a.j.t.JMeterThread: Thread finished: Test Member Java 1-33
2026-07-14 21:42:34,966 INFO o.a.j.t.JMeterThread: Thread started: Test Member Java 1-34
2026-07-14 21:42:34,997 INFO o.a.j.t.JMeterThread: Thread is done: Test Member Java 1-34
2026-07-14 21:42:34,997 INFO o.a.j.t.JMeterThread: Thread finished: Test Member Java 1-34
2026-07-14 21:42:35,170 INFO o.a.j.t.JMeterThread: Thread started: Test Member Java 1-35
2026-07-14 21:42:35,188 INFO o.a.j.t.JMeterThread: Thread is done: Test Member Java 1-35
2026-07-14 21:42:35,188 INFO o.a.j.t.JMeterThread: Thread finished: Test Member Java 1-35
2026-07-14 21:42:35,375 INFO o.a.j.t.JMeterThread: Thread started: Test Member Java 1-36
2026-07-14 21:42:35,409 INFO o.a.j.t.JMeterThread: Thread is done: Test Member Java 1-36
2026-07-14 21:42:35,409 INFO o.a.j.t.JMeterThread: Thread finished: Test Member Java 1-36
2026-07-14 21:42:35,579 INFO o.a.j.t.JMeterThread: Thread started: Test Member Java 1-37
2026-07-14 21:42:35,605 INFO o.a.j.t.JMeterThread: Thread is done: Test Member Java 1-37
2026-07-14 21:42:35,605 INFO o.a.j.t.JMeterThread: Thread finished: Test Member Java 1-37
2026-07-14 21:42:35,781 INFO o.a.j.t.JMeterThread: Thread started: Test Member Java 1-38
2026-07-14 21:42:35,798 INFO o.a.j.t.JMeterThread: Thread is done: Test Member Java 1-38
2026-07-14 21:42:35,798 INFO o.a.j.t.JMeterThread: Thread finished: Test Member Java 1-38
2026-07-14 21:42:35,984 INFO o.a.j.t.JMeterThread: Thread started: Test Member Java 1-39
2026-07-14 21:42:36,014 INFO o.a.j.t.JMeterThread: Thread is done: Test Member Java 1-39
2026-07-14 21:42:36,014 INFO o.a.j.t.JMeterThread: Thread finished: Test Member Java 1-39
2026-07-14 21:42:36,189 INFO o.a.j.t.JMeterThread: Thread started: Test Member Java 1-40
2026-07-14 21:42:36,212 INFO o.a.j.t.JMeterThread: Thread is done: Test Member Java 1-40
2026-07-14 21:42:36,213 INFO o.a.j.t.JMeterThread: Thread finished: Test Member Java 1-40
2026-07-14 21:42:36,390 INFO o.a.j.t.JMeterThread: Thread started: Test Member Java 1-41
2026-07-14 21:42:36,411 INFO o.a.j.t.JMeterThread: Thread is done: Test Member Java 1-41
2026-07-14 21:42:36,411 INFO o.a.j.t.JMeterThread: Thread finished: Test Member Java 1-41
2026-07-14 21:42:36,594 INFO o.a.j.t.JMeterThread: Thread started: Test Member Java 1-42
2026-07-14 21:42:36,626 INFO o.a.j.t.JMeterThread: Thread is done: Test Member Java 1-42
2026-07-14 21:42:36,626 INFO o.a.j.t.JMeterThread: Thread finished: Test Member Java 1-42
2026-07-14 21:42:36,796 INFO o.a.j.t.JMeterThread: Thread started: Test Member Java 1-43
2026-07-14 21:42:36,822 INFO o.a.j.t.JMeterThread: Thread is done: Test Member Java 1-43
2026-07-14 21:42:36,822 INFO o.a.j.t.JMeterThread: Thread finished: Test Member Java 1-43
2026-07-14 21:42:37,000 INFO o.a.j.t.JMeterThread: Thread started: Test Member Java 1-44
2026-07-14 21:42:37,027 INFO o.a.j.t.JMeterThread: Thread is done: Test Member Java 1-44
2026-07-14 21:42:37,027 INFO o.a.j.t.JMeterThread: Thread finished: Test Member Java 1-44
2026-07-14 21:42:37,203 INFO o.a.j.t.JMeterThread: Thread started: Test Member Java 1-45
2026-07-14 21:42:37,224 INFO o.a.j.t.JMeterThread: Thread is done: Test Member Java 1-45
2026-07-14 21:42:37,224 INFO o.a.j.t.JMeterThread: Thread finished: Test Member Java 1-45
2026-07-14 21:42:37,405 INFO o.a.j.t.JMeterThread: Thread started: Test Member Java 1-46
2026-07-14 21:42:37,423 INFO o.a.j.t.JMeterThread: Thread is done: Test Member Java 1-46
2026-07-14 21:42:37,423 INFO o.a.j.t.JMeterThread: Thread finished: Test Member Java 1-46
2026-07-14 21:42:37,606 INFO o.a.j.t.JMeterThread: Thread started: Test Member Java 1-47
2026-07-14 21:42:37,633 INFO o.a.j.t.JMeterThread: Thread is done: Test Member Java 1-47
2026-07-14 21:42:37,633 INFO o.a.j.t.JMeterThread: Thread finished: Test Member Java 1-47
2026-07-14 21:42:37,807 INFO o.a.j.t.JMeterThread: Thread started: Test Member Java 1-48
2026-07-14 21:42:37,837 INFO o.a.j.t.JMeterThread: Thread is done: Test Member Java 1-48
2026-07-14 21:42:37,837 INFO o.a.j.t.JMeterThread: Thread finished: Test Member Java 1-48
2026-07-14 21:42:38,010 INFO o.a.j.t.JMeterThread: Thread started: Test Member Java 1-49
2026-07-14 21:42:38,034 INFO o.a.j.t.JMeterThread: Thread is done: Test Member Java 1-49
2026-07-14 21:42:38,034 INFO o.a.j.t.JMeterThread: Thread finished: Test Member Java 1-49
2026-07-14 21:42:38,216 INFO o.a.j.t.JMeterThread: Thread started: Test Member Java 1-50
2026-07-14 21:42:38,245 INFO o.a.j.t.JMeterThread: Thread is done: Test Member Java 1-50
2026-07-14 21:42:38,247 INFO o.a.j.t.JMeterThread: Thread finished: Test Member Java 1-50
2026-07-14 21:42:38,247 INFO o.a.j.e.StandardJMeterEngine: Notifying test listeners of end of test
2026-07-14 21:42:38,247 INFO o.a.j.g.u.JMeterMenuBar: setRunning(false, *local*)
